数据分类,产品大类,产品系列,具体型号,物料代码,物料描述,备注,电源,电源标识,安装板,安装板标识,一体线,一体线标识,IO电源线,IO电源线标识,网线,网线标识,灯板,灯板标识,镜头罩,镜头罩标识,FA镜头,FA镜头标识,扩展配件,扩展配件标识
相机,ID800系列,ID803系列U口,MV-ID803M-03S-WBN-SR-U(国内标配),313201715,0.3MP，3.1m镜头，1颗暖白LED，标准距离120mm，USB型号,支持U口/串口线缆互换,,,Braket8E,0,10P10C-U,1,,,,,,,,,,,,
相机,ID800系列,ID803系列U口,MV-ID803M-03S-WBN-SR-U(国内中性),313201712,0.3MP，3.1m镜头，1颗暖白LED，标准距离120mm，USB型号,支持U口/串口线缆互换,,,Braket8E,0,10P10C-U,1,,,,,,,,,,,,
相机,ID800系列,ID803系列U口,MV-ID803M-03S-WBP-SR-U(国内标配),313202189,0.3MP，3.1m镜头，1颗暖白LED，标准距离120mm，偏振前罩，USB型号,支持U口/串口线缆互换,,,Braket8E,0,10P10C-U,1,,,,,,,,,,,,
相机,ID800系列,ID803系列U口,MV-ID803M-03S-WBP-SR-U(国内中性),313202191,0.3MP，3.1m镜头，1颗暖白LED，标准距离120mm，偏振前罩，USB型号,支持U口/串口线缆互换,,,Braket8E,0,10P10C-U,1,,,,,,,,,,,,
相机,ID800系列,ID803系列串口,MV-ID803M-03S-WBN-SR-R(国内标配),313201714,0.3MP，3.1m镜头，1颗暖白LED，标准距离120mm，串口型号,支持U口/串口线缆互换,Power;PwID,0,Braket8E,0,10P10C-R,1,,,,,,,,,,,,
相机,ID800系列,ID803系列串口,MV-ID803M-03S-WBN-SR-R(国内中性),313201713,0.3MP，3.1m镜头，1颗暖白LED，标准距离120mm，串口型号,支持U口/串口线缆互换,Power;PwID,0,Braket8E,0,10P10C-R,1,,,,,,,,,,,,
相机,ID800系列,ID803系列串口,MV-ID803M-03S-WBP-SR-R(国内标配),313202193,0.3MP，3.1m镜头，1颗暖白LED，标准距离120mm，偏振前罩，串口型号,支持U口/串口线缆互换,Power;PwID,0,Braket8E,0,10P10C-R,1,,,,,,,,,,,,
相机,ID800系列,ID803系列串口,MV-ID803M-03S-WBP-SR-R(国内中性),313202192,0.3MP，3.1m镜头，1颗暖白LED，标准距离120mm，偏振前罩，串口型号,支持U口/串口线缆互换,Power;PwID,0,Braket8E,0,10P10C-R,1,,,,,,,,,,,,
相机,ID800系列,ID803系列网口,MV-ID803M-03S-WBN-SR(国内标配),313202187,0.3MP，3.1m镜头，1颗暖白LED，标准距离120mm，网口型号,标配网口母头，自行搭配网线使用,Power,0,Braket8E,0,,,,,,,,,,,,,,
相机,ID800系列,ID803系列网口,MV-ID803M-03S-WBN-SR(国内中性),313202188,0.3MP，3.1m镜头，1颗暖白LED，标准距离120mm，网口型号,标配网口母头，自行搭配网线使用,Power,0,Braket8E,0,,,,,,,,,,,,,,
相机,ID800系列,ID803系列网口,MV-ID803M-03S-WBP-SR(国内标配),313202286,0.3MP，3.1m镜头，1颗暖白LED，标准距离120mm，偏振前罩，网口型号,标配网口母头，自行搭配网线使用,Power,0,Braket8E,0,,,,,,,,,,,,,,
相机,ID800系列,ID803系列网口,MV-ID803M-03S-WBP-SR(国内中性),313202287,0.3MP，3.1m镜头，1颗暖白LED，标准距离120mm，偏振前罩，网口型号,标配网口母头，自行搭配网线使用,Power,0,Braket8E,0,,,,,,,,,,,,,,
相机,ID800系列,ID813系列U口,MV-ID813M-05S-WBN-SR-U(国内标配),313201493,1.3MP，4.9m镜头，1颗暖白LED，标准距离120mm，USB型号,支持U口/串口线缆互换,,,Braket8E,0,10P10C-U,1,,,,,,,,,,,,
相机,ID800系列,ID813系列U口,MV-ID813M-05S-WBN-SR-U(国内中性),313201518,1.3MP，4.9m镜头，1颗暖白LED，标准距离120mm，USB型号,支持U口/串口线缆互换,,,Braket8E,0,10P10C-U,1,,,,,,,,,,,,
相机,ID800系列,ID813系列U口,MV-ID813M-05S-WBP-SR-U(国内标配),313202198,1.3MP，4.9m镜头，1颗暖白LED，标准距离120mm，偏振前罩，USB型号,支持U口/串口线缆互换,,,Braket8E,0,10P10C-U,1,,,,,,,,,,,,
相机,ID800系列,ID813系列U口,MV-ID813M-05S-WBP-SR-U(国内中性),313202200,1.3MP，4.9m镜头，1颗暖白LED，标准距离120mm，偏振前罩，USB型号,支持U口/串口线缆互换,,,Braket8E,0,10P10C-U,1,,,,,,,,,,,,
相机,ID800系列,ID813系列U口,MV-ID813M-05S-WBN-NR-U(国内标配),313201494,1.3MP，4.9m镜头，1颗暖白LED，近焦距离70mm，USB型号,支持U口/串口线缆互换,,,Braket8E,0,10P10C-U,1,,,,,,,,,,,,
相机,ID800系列,ID813系列U口,MV-ID813M-05S-WBN-NR-U(国内中性),313201519,1.3MP，4.9m镜头，1颗暖白LED，近焦距离70mm，USB型号,支持U口/串口线缆互换,,,Braket8E,0,10P10C-U,1,,,,,,,,,,,,
相机,ID800系列,ID813系列U口,MV-ID813M-05S-WBP-NR-U(国内标配),313202197,1.3MP，4.9m镜头，1颗暖白LED，近焦距离70mm，偏振前罩，USB型号,支持U口/串口线缆互换,,,Braket8E,0,10P10C-U,1,,,,,,,,,,,,
相机,ID800系列,ID813系列U口,MV-ID813M-05S-WBP-NR-U(国内中性),313202196,1.3MP，4.9m镜头，1颗暖白LED，近焦距离70mm，偏振前罩，USB型号,支持U口/串口线缆互换,,,Braket8E,0,10P10C-U,1,,,,,,,,,,,,
相机,ID800系列,ID813系列串口,MV-ID813M-05S-WBN-SR-R(国内标配),313201495,1.3MP，4.9m镜头，1颗暖白LED，标准距离120mm，串口型号,支持U口/串口线缆互换,Power;PwID,0,Braket8E,0,10P10C-R,1,,,,,,,,,,,,
相机,ID800系列,ID813系列串口,MV-ID813M-05S-WBN-SR-R(国内中性),313201520,1.3MP，4.9m镜头，1颗暖白LED，标准距离120mm，串口型号,支持U口/串口线缆互换,Power;PwID,0,Braket8E,0,10P10C-R,1,,,,,,,,,,,,
相机,ID800系列,ID813系列串口,MV-ID813M-05S-WBP-SR-R(国内标配),313202204,1.3MP，4.9m镜头，1颗暖白LED，标准距离120mm，偏振前罩，串口型号,支持U口/串口线缆互换,Power;PwID,0,Braket8E,0,10P10C-R,1,,,,,,,,,,,,
相机,ID800系列,ID813系列串口,MV-ID813M-05S-WBP-SR-R(国内中性),313202205,1.3MP，4.9m镜头，1颗暖白LED，标准距离120mm，偏振前罩，串口型号,支持U口/串口线缆互换,Power;PwID,0,Braket8E,0,10P10C-R,1,,,,,,,,,,,,
相机,ID800系列,ID813系列串口,MV-ID813M-05S-WBN-NR-R(国内标配),313201496,1.3MP，4.9m镜头，1颗暖白LED，近焦距离70mm，串口型号,支持U口/串口线缆互换,Power;PwID,0,Braket8E,0,10P10C-R,1,,,,,,,,,,,,
相机,ID800系列,ID813系列串口,MV-ID813M-05S-WBN-NR-R(国内中性),313201521,1.3MP，4.9m镜头，1颗暖白LED，近焦距离70mm，串口型号,支持U口/串口线缆互换,Power;PwID,0,Braket8E,0,10P10C-R,1,,,,,,,,,,,,
相机,ID800系列,ID813系列串口,MV-ID813M-05S-WBP-NR-R(国内标配),313202203,1.3MP，4.9m镜头，1颗暖白LED，近焦距离70mm，偏振前罩，串口型号,支持U口/串口线缆互换,Power;PwID,0,Braket8E,0,10P10C-R,1,,,,,,,,,,,,
相机,ID800系列,ID813系列串口,MV-ID813M-05S-WBP-NR-R(国内中性),313202201,1.3MP，4.9m镜头，1颗暖白LED，近焦距离70mm，偏振前罩，串口型号,支持U口/串口线缆互换,Power;PwID,0,Braket8E,0,10P10C-R,1,,,,,,,,,,,,
相机,ID800系列,ID813系列网口,MV-ID813M-05S-WBN-SR(国内标配),313202251,1.3MP，4.9m镜头，1颗暖白LED，标准距离120mm，网口型号,标配网口母头，自行搭配网线使用,Power,0,Braket8E,0,,,,,,,,,,,,,,
相机,ID800系列,ID813系列网口,MV-ID813M-05S-WBN-SR(国内中性),313202252,1.3MP，4.9m镜头，1颗暖白LED，标准距离120mm，网口型号,标配网口母头，自行搭配网线使用,Power,0,Braket8E,0,,,,,,,,,,,,,,
相机,ID800系列,ID813系列网口,MV-ID813M-05S-WBP-SR(国内标配),313202259,1.3MP，4.9m镜头，1颗暖白LED，标准距离120mm，偏振前罩，网口型号,标配网口母头，自行搭配网线使用,Power,0,Braket8E,0,,,,,,,,,,,,,,
相机,ID800系列,ID813系列网口,MV-ID813M-05S-WBP-SR(国内中性),313202260,1.3MP，4.9m镜头，1颗暖白LED，标准距离120mm，偏振前罩，网口型号,标配网口母头，自行搭配网线使用,Power,0,Braket8E,0,,,,,,,,,,,,,,
相机,ID800系列,ID813系列网口,MV-ID813M-05S-WBN-NR(国内标配),313202253,1.3MP，4.9m镜头，1颗暖白LED，近焦距离70mm，网口型号,标配网口母头，自行搭配网线使用,Power,0,Braket8E,0,,,,,,,,,,,,,,
相机,ID800系列,ID813系列网口,MV-ID813M-05S-WBN-NR(国内中性),313202254,1.3MP，4.9m镜头，1颗暖白LED，近焦距离70mm，网口型号,标配网口母头，自行搭配网线使用,Power,0,Braket8E,0,,,,,,,,,,,,,,
相机,ID800系列,ID813系列网口,MV-ID813M-05S-WBP-NR(国内标配),313202261,1.3MP，4.9m镜头，1颗暖白LED，近焦距离70mm，偏振前罩，网口型号,标配网口母头，自行搭配网线使用,Power,0,Braket8E,0,,,,,,,,,,,,,,
相机,ID800系列,ID813系列网口,MV-ID813M-05S-WBP-NR(国内中性),313202262,1.3MP，4.9m镜头，1颗暖白LED，近焦距离70mm，偏振前罩，网口型号,标配网口母头，自行搭配网线使用,Power,0,Braket8E,0,,,,,,,,,,,,,,
相机,ID2013EM系列,ID2013EMI V2.0 网口,MV-ID2013EMI-05-RBN(国内标配)V2.0,313202276,1.3MP，4.63mm镜头，4颗红色LED，标准距离120mm，网口型号,,Power;PwID,0,Braket8E,0,DB15M-L-V20,1,,,,,,,,,,,IO-BOX2,0
相机,ID2013EM系列,ID2013EMI V2.0 网口,MV-ID2013EMI-05-RBN(国内中性)V2.0,313202455,1.3MP，4.63mm镜头，4颗红色LED，标准距离120mm，网口型号,,Power;PwID,0,Braket8E,0,DB15M-L-V20,1,,,,,,,,,,,IO-BOX2,0
相机,ID2013EM系列,ID2013EMI V2.0 网口,MV-ID2013EMI-05-RBP(国内标配)V2.0,313202460,1.3MP，4.63mm镜头，4颗红色LED，标准距离120mm，偏振前罩，网口型号,,Power;PwID,0,Braket8E,0,DB15M-L-V20,1,,,,,,,,,,,IO-BOX2,0
相机,ID2013EM系列,ID2013EMI V2.0 网口,MV-ID2013EMI-05-RBP(国内中性)V2.0,313202454,1.3MP，4.63mm镜头，4颗红色LED，标准距离120mm，偏振前罩，网口型号,,Power;PwID,0,Braket8E,0,DB15M-L-V20,1,,,,,,,,,,,IO-BOX2,0
相机,ID2013EM系列,ID2013EMI V2.0 网口,MV-ID2013EMI-05-WBN(国内标配)V2.0,313202463,1.3MP，4.63mm镜头，4颗白色LED，标准距离120mm，网口型号,,Power;PwID,0,Braket8E,0,DB15M-L-V20,1,,,,,,,,,,,IO-BOX2,0
相机,ID2013EM系列,ID2013EMI V2.0 网口,MV-ID2013EMI-05-WBN(国内中性)V2.0,313202457,1.3MP，4.63mm镜头，4颗白色LED，标准距离120mm，网口型号,,Power;PwID,0,Braket8E,0,DB15M-L-V20,1,,,,,,,,,,,IO-BOX2,0
相机,ID2013EM系列,ID2013EMI V2.0 网口,MV-ID2013EMI-05-WBP(国内标配)V2.0,313202464,1.3MP，4.63mm镜头，4颗白色LED，标准距离120mm，偏振前罩，网口型号,,Power;PwID,0,Braket8E,0,DB15M-L-V20,1,,,,,,,,,,,IO-BOX2,0
相机,ID2013EM系列,ID2013EMI V2.0 网口,MV-ID2013EMI-05-WBP(国内中性)V2.0,313202456,1.3MP，4.63mm镜头，4颗白色LED，标准距离120mm，偏振前罩，网口型号,,Power;PwID,0,Braket8E,0,DB15M-L-V20,1,,,,,,,,,,,IO-BOX2,0
相机,ID2013EM系列,ID2013EMI V2.0 U口,MV-ID2013EMI-05-RBN-U(国内标配)V2.0,313202277,1.3MP，4.63mm镜头，4颗红色LED，标准距离120mm，U口型号,,Power,0,Braket8E,0,DB15M-U-V20,1,,,,,,,,,,,IO-BOX2,0
相机,ID2013EM系列,ID2013EMI V2.0 U口,MV-ID2013EMI-05-RBN-U(国内中性)V2.0,313202451,1.3MP，4.63mm镜头，4颗红色LED，标准距离120mm，U口型号,,Power,0,Braket8E,0,DB15M-U-V20,1,,,,,,,,,,,IO-BOX2,0
相机,ID2013EM系列,ID2013EMI V2.0 U口,MV-ID2013EMI-05-RBP-U(国内标配)V2.0,313202458,1.3MP，4.63mm镜头，4颗红色LED，标准距离120mm，偏振前罩，U口型号,,Power,0,Braket8E,0,DB15M-U-V20,1,,,,,,,,,,,IO-BOX2,0
相机,ID2013EM系列,ID2013EMI V2.0 U口,MV-ID2013EMI-05-RBP-U(国内中性)V2.0,313202450,1.3MP，4.63mm镜头，4颗红色LED，标准距离120mm，偏振前罩，U口型号,,Power,0,Braket8E,0,DB15M-U-V20,1,,,,,,,,,,,IO-BOX2,0
相机,ID2013EM系列,ID2013EMI V2.0 U口,MV-ID2013EMI-05-WBN-U(国内标配)V2.0,313202462,1.3MP，4.63mm镜头，4颗白色LED，标准距离120mm，U口型号,,Power,0,Braket8E,0,DB15M-U-V20,1,,,,,,,,,,,IO-BOX2,0
相机,ID2013EM系列,ID2013EMI V2.0 U口,MV-ID2013EMI-05-WBN-U(国内中性)V2.0,313202453,1.3MP，4.63mm镜头，4颗白色LED，标准距离120mm，U口型号,,Power,0,Braket8E,0,DB15M-U-V20,1,,,,,,,,,,,IO-BOX2,0
相机,ID2013EM系列,ID2013EMI V2.0 U口,MV-ID2013EMI-05-WBP-U(国内标配)V2.0,313202459,1.3MP，4.63mm镜头，4颗白色LED，标准距离120mm，偏振前罩，U口型号,,Power,0,Braket8E,0,DB15M-U-V20,1,,,,,,,,,,,IO-BOX2,0
相机,ID2013EM系列,ID2013EMI V2.0 U口,MV-ID2013EMI-05-WBP-U(国内中性)V2.0,313202452,1.3MP，4.63mm镜头，4颗白色LED，标准距离120mm，偏振前罩，U口型号,,Power,0,Braket8E,0,DB15M-U-V20,1,,,,,,,,,,,IO-BOX2,0
相机,ID2013EM系列,ID2013EMI V2.0 网口,MV-ID2013EMI-05N-RBN(国内标配)V2.0,313202278,1.3MP，4.63mm镜头，4颗红色LED，近焦距离70mm，网口型号,,Power;PwID,0,Braket8E,0,DB15M-L-V20,1,,,,,,,,,,,IO-BOX2,0
相机,ID2013EM系列,ID2013EMI V2.0 网口,MV-ID2013EMI-05N-RBN(国内中性)V2.0,313202496,1.3MP，4.63mm镜头，4颗红色LED，近焦距离70mm，网口型号,,Power;PwID,0,Braket8E,0,DB15M-L-V20,1,,,,,,,,,,,IO-BOX2,0
相机,ID2013EM系列,ID2013EMI V2.0 网口,MV-ID2013EMI-05N-RBP(国内标配)V2.0,313202494,1.3MP，4.63mm镜头，4颗红色LED，近焦距离70mm，偏振前罩，网口型号,,Power;PwID,0,Braket8E,0,DB15M-L-V20,1,,,,,,,,,,,IO-BOX2,0
相机,ID2013EM系列,ID2013EMI V2.0 网口,MV-ID2013EMI-05N-RBP(国内中性)V2.0,313202493,1.3MP，4.63mm镜头，4颗红色LED，近焦距离70mm，偏振前罩，网口型号,,Power;PwID,0,Braket8E,0,DB15M-L-V20,1,,,,,,,,,,,IO-BOX2,0
相机,ID2013EM系列,ID2013EMI V2.0 U口,MV-ID2013EMI-05N-RBN-U(国内标配)V2.0,313202279,1.3MP，4.63mm镜头，4颗红色LED，近焦距离70mm，U口型号,"ID2013EMI V2.0出货配置为偏振罩，订单中备注：删除：190615470, 添加：102206063；增加偏振检测",Power,0,Braket8E,0,DB15M-U-V20,1,,,,,,,,,,,IO-BOX2,0
相机,ID2013EM系列,ID2013EMI V2.0 U口,MV-ID2013EMI-05N-RBN-U(国内中性)V2.0,313202491,1.3MP，4.63mm镜头，4颗红色LED，近焦距离70mm，U口型号,"ID2013EMI V2.0出货配置为偏振罩，订单中备注：删除：190615470, 添加：102206063；增加偏振检测",Power,0,Braket8E,0,DB15M-U-V20,1,,,,,,,,,,,IO-BOX2,0
相机,ID2013EM系列,ID2013EMI V2.0 网口,MV-ID2013EMI-03N-RBN(国内标配)V2.0,313202501,1.3MP，3mm镜头，4颗红色LED，近焦距离70mm，网口型号,,Power;PwID,0,Braket8E,0,DB15M-L-V20,1,,,,,,,,,,,IO-BOX2,0
相机,ID2013EM系列,ID2013EMI V2.0 网口,MV-ID2013EMI-03N-RBN(国内中性)V2.0,313202499,1.3MP，3mm镜头，4颗红色LED，近焦距离70mm，网口型号,,Power;PwID,0,Braket8E,0,DB15M-L-V20,1,,,,,,,,,,,IO-BOX2,0
相机,ID2013EM系列,ID2013EMI V2.0 网口,MV-ID2013EMI-03N-RBP(国内标配)V2.0,313202502,1.3MP，3mm镜头，4颗红色LED，近焦距离70mm，偏振前罩，网口型号,,Power;PwID,0,Braket8E,0,DB15M-L-V20,1,,,,,,,,,,,IO-BOX2,0
相机,ID2013EM系列,ID2013EMI V2.0 网口,MV-ID2013EMI-03N-RBP(国内中性)V2.0,313202500,1.3MP，3mm镜头，4颗红色LED，近焦距离70mm，偏振前罩，网口型号,,Power;PwID,0,Braket8E,0,DB15M-L-V20,1,,,,,,,,,,,IO-BOX2,0
相机,ID2013EM系列,ID2013EMI V2.0 网口,MV-ID2013EMI-05H-RBN(国内标配)V2.0,313202280,1.3MP，4.63mm镜头，4颗红色LED，高密距离40mm，网口型号,,Power;PwID,0,Braket8E,0,DB15M-L-V20,1,,,,,,,,,,,IO-BOX2,0
相机,ID2013EM系列,ID2013EMI V2.0 网口,MV-ID2013EMI-05H-RBN(国内中性)V2.0,313202481,1.3MP，4.63mm镜头，4颗红色LED，高密距离40mm，网口型号,,Power;PwID,0,Braket8E,0,DB15M-L-V20,1,,,,,,,,,,,IO-BOX2,0
相机,ID2013EM系列,ID2013EMI V2.0 网口,MV-ID2013EMI-05H-RBP(国内标配)V2.0,313202479,1.3MP，4.63mm镜头，4颗红色LED，高密距离40mm，偏振前罩，网口型号,,Power;PwID,0,Braket8E,0,DB15M-L-V20,1,,,,,,,,,,,IO-BOX2,0
相机,ID2013EM系列,ID2013EMI V2.0 网口,MV-ID2013EMI-05H-RBP(国内中性)V2.0,313202478,1.3MP，4.63mm镜头，4颗红色LED，高密距离40mm，偏振前罩，网口型号,,Power;PwID,0,Braket8E,0,DB15M-L-V20,1,,,,,,,,,,,IO-BOX2,0
相机,ID2013EM系列,ID2013EMI V2.0 U口,MV-ID2013EMI-05H-RBN-U(国内标配)V2.0,313202281,1.3MP，4.63mm镜头，4颗红色LED，高密距离40mm，U口型号,"ID2013EMI V2.0出货配置为偏振罩，订单中备注：删除：190615470, 添加：102206063；增加偏振检测",Power,0,Braket8E,0,DB15M-U-V20,1,,,,,,,,,,,IO-BOX2,0
相机,ID2013EM系列,ID2013EMI V2.0 U口,MV-ID2013EMI-05H-RBN-U(国内中性)V2.0,313202476,1.3MP，4.63mm镜头，4颗红色LED，高密距离40mm，U口型号,"ID2013EMI V2.0出货配置为偏振罩，订单中备注：删除：190615470, 添加：102206063；增加偏振检测",Power,0,Braket8E,0,DB15M-U-V20,1,,,,,,,,,,,IO-BOX2,0
相机,ID2013EM系列,ID2013EMI V2.0 网口,MV-ID2013EMI-05-RBN-S(国内标配)V2.0,313202282,1.3MP，4.63mm镜头，4颗红色LED，标准距离120mm，侧出网口型号,,Power;PwID,0,Braket8E,0,DB15M-L-V20,1,,,,,,,,,,,IO-BOX2,0
相机,ID2013EM系列,ID2013EMI V2.0 网口,MV-ID2013EMI-05-RBN-S(国内中性)V2.0,313202440,1.3MP，4.63mm镜头，4颗红色LED，标准距离120mm，侧出网口型号,,Power;PwID,0,Braket8E,0,DB15M-L-V20,1,,,,,,,,,,,IO-BOX2,0
相机,ID2013EM系列,ID2013EMI V2.0 U口,MV-ID2013EMI-05-RBN-SU(国内标配)V2.0,313202283,1.3MP，4.63mm镜头，4颗红色LED，标准距离120mm，侧出线U口型号,,Power,0,Braket8E,0,DB15M-U-V20,1,,,,,,,,,,,IO-BOX2,0
相机,ID2013EM系列,ID2013EMI V2.0 U口,MV-ID2013EMI-05-RBN-SU(国内中性)V2.0,313202435,1.3MP，4.63mm镜头，4颗红色LED，标准距离120mm，侧出线U口型号,,Power,0,Braket8E,0,DB15M-U-V20,1,,,,,,,,,,,IO-BOX2,0
相机,ID2013EM系列,ID2013EMI V2.0 网口,MV-ID2013EMI-05-RBP-S(国内标配)V2.0,313202438,1.3MP，4.63mm镜头，4颗红色LED，标准距离120mm，偏振前罩，侧出网口型号,,Power;PwID,0,Braket8E,0,DB15M-L-V20,1,,,,,,,,,,,IO-BOX2,0
相机,ID2013EM系列,ID2013EMI V2.0 网口,MV-ID2013EMI-05-RBP-S(国内中性)V2.0,313202439,1.3MP，4.63mm镜头，4颗红色LED，标准距离120mm，偏振前罩，侧出网口型号,,Power;PwID,0,Braket8E,0,DB15M-L-V20,1,,,,,,,,,,,IO-BOX2,0
相机,ID2013EM系列,ID2013EMI V2.0 U口,MV-ID2013EMI-05-RBP-SU(国内标配)V2.0,313202437,1.3MP，4.63mm镜头，4颗红色LED，标准距离120mm，偏振前罩，侧出线U口型号,,Power,0,Braket8E,0,DB15M-U-V20,1,,,,,,,,,,,IO-BOX2,0
相机,ID2013EM系列,ID2013EMI V2.0 U口,MV-ID2013EMI-05-RBP-SU(国内中性)V2.0,313202436,1.3MP，4.63mm镜头，4颗红色LED，标准距离120mm，偏振前罩，侧出线U口型号,,Power,0,Braket8E,0,DB15M-U-V20,1,,,,,,,,,,,IO-BOX2,0
相机,ID2013EM系列,ID2013EMI V2.0 网口,MV-ID2013EMI-05N-RBN-S(国内标配)V2.0,313202489,1.3MP，4.63mm镜头，4颗红色LED，近焦距离70mm，侧出网口型号,"ID2013EMI V2.0出货配置为偏振罩，订单中备注：删除：190615470, 添加：102206063；增加偏振检测",Power;PwID,0,Braket8E,0,DB15M-L-V20,1,,,,,,,,,,,IO-BOX2,0
相机,ID2013EM系列,ID2013EMI V2.0 网口,MV-ID2013EMI-05N-RBN-S(国内中性)V2.0,313202487,1.3MP，4.63mm镜头，4颗红色LED，近焦距离70mm，侧出网口型号,"ID2013EMI V2.0出货配置为偏振罩，订单中备注：删除：190615470, 添加：102206063；增加偏振检测",Power;PwID,0,Braket8E,0,DB15M-L-V20,1,,,,,,,,,,,IO-BOX2,0
相机,ID2013EM系列,ID2013EMI V2.0 U口,MV-ID2013EMI-05N-RBN-SU(国内标配)V2.0,313202488,1.3MP，4.63mm镜头，4颗红色LED，近焦距离70mm，侧出线U口型号,"ID2013EMI V2.0出货配置为偏振罩，订单中备注：删除：190615470, 添加：102206063；增加偏振检测",Power,0,Braket8E,0,DB15M-U-V20,1,,,,,,,,,,,IO-BOX2,0
相机,ID2013EM系列,ID2013EMI V2.0 U口,MV-ID2013EMI-05N-RBN-SU(国内中性)V2.0,313202486,1.3MP，4.63mm镜头，4颗红色LED，近焦距离70mm，侧出线U口型号,"ID2013EMI V2.0出货配置为偏振罩，订单中备注：删除：190615470, 添加：102206063；增加偏振检测",Power,0,Braket8E,0,DB15M-U-V20,1,,,,,,,,,,,IO-BOX2,0
相机,ID2013EM系列,ID2013EMI V2.0 网口,MV-ID2013EMI-05H-RBN-S(国内标配)V2.0,313202474,1.3MP，4.63mm镜头，4颗红色LED，高密距离40mm，侧出网口型号,"ID2013EMI V2.0出货配置为偏振罩，订单中备注：删除：190615470, 添加：102206063；增加偏振检测",Power;PwID,0,Braket8E,0,DB15M-L-V20,1,,,,,,,,,,,IO-BOX2,0
相机,ID2013EM系列,ID2013EMI V2.0 网口,MV-ID2013EMI-05H-RBN-S(国内中性)V2.0,313202472,1.3MP，4.63mm镜头，4颗红色LED，高密距离40mm，侧出网口型号,"ID2013EMI V2.0出货配置为偏振罩，订单中备注：删除：190615470, 添加：102206063；增加偏振检测",Power;PwID,0,Braket8E,0,DB15M-L-V20,1,,,,,,,,,,,IO-BOX2,0
相机,ID2013EM系列,ID2013EMI V2.0 U口,MV-ID2013EMI-05H-RBN-SU(国内标配)V2.0,313202473,1.3MP，4.63mm镜头，4颗红色LED，高密距离40mm，侧出线U口型号,"ID2013EMI V2.0出货配置为偏振罩，订单中备注：删除：190615470, 添加：102206063；增加偏振检测",Power,0,Braket8E,0,DB15M-U-V20,1,,,,,,,,,,,IO-BOX2,0
相机,ID2013EM系列,ID2013EMI V2.0 U口,MV-ID2013EMI-05H-RBN-SU(国内中性)V2.0,313202471,1.3MP，4.63mm镜头，4颗红色LED，高密距离40mm，侧出线U口型号,"ID2013EMI V2.0出货配置为偏振罩，订单中备注：删除：190615470, 添加：102206063；增加偏振检测",Power,0,Braket8E,0,DB15M-U-V20,1,,,,,,,,,,,IO-BOX2,0
相机,ID2013EM系列,ID2013EMI V2.0 网口,MV-ID2013EPI-05-RBN(国内标配)V2.0,313202284,金属上盖，1.3MP，4.63mm镜头，4颗红色LED，标准距离120mm，网口型号,,Power;PwID,0,Braket8E,0,DB15M-L-V20,1,,,,,,,,,,,IO-BOX2,0
相机,ID2013EM系列,ID2013EMI V2.0 网口,MV-ID2013EPI-05-RBN(国内中性)V2.0,313202470,金属上盖，1.3MP，4.63mm镜头，4颗红色LED，标准距离120mm，网口型号,,Power;PwID,0,Braket8E,0,DB15M-L-V20,1,,,,,,,,,,,IO-BOX2,0
相机,ID2013EM系列,ID2013EMI V2.0 网口,MV-ID2013EPI-05-RBP(国内标配)V2.0,313202468,金属上盖，1.3MP，4.63mm镜头，4颗红色LED，标准距离120mm，偏振前罩，网口型号,,Power;PwID,0,Braket8E,0,DB15M-L-V20,1,,,,,,,,,,,IO-BOX2,0
相机,ID2013EM系列,ID2013EMI V2.0 网口,MV-ID2013EPI-05-RBP(国内中性)V2.0,313202467,金属上盖，1.3MP，4.63mm镜头，4颗红色LED，标准距离120mm，偏振前罩，网口型号,,Power;PwID,0,Braket8E,0,DB15M-L-V20,1,,,,,,,,,,,IO-BOX2,0
相机,ID2013EM系列,ID2013EMI V2.0 U口,MV-ID2013EPI-05-RBN-U(国内标配)V2.0,313202285,金属上盖，1.3MP，4.63mm镜头，4颗红色LED，标准距离120mm，U口型号,,Power,0,Braket8E,0,DB15M-U-V20,1,,,,,,,,,,,IO-BOX2,0
相机,ID2013EM系列,ID2013EMI V2.0 U口,MV-ID2013EPI-05-RBN-U(国内中性)V2.0,313202469,金属上盖，1.3MP，4.63mm镜头，4颗红色LED，标准距离120mm，U口型号,,Power,0,Braket8E,0,DB15M-U-V20,1,,,,,,,,,,,IO-BOX2,0
相机,ID2013EM系列,ID2013EMI V2.0 U口,MV-ID2013EPI-05-RBP-U(国内标配)V2.0,313202465,金属上盖，1.3MP，4.63mm镜头，4颗红色LED，标准距离120mm，偏振前罩，U口型号,,Power,0,Braket8E,0,DB15M-U-V20,1,,,,,,,,,,,IO-BOX2,0
相机,ID2013EM系列,ID2013EMI V2.0 U口,MV-ID2013EPI-05-RBP-U(国内中性)V2.0,313202466,金属上盖，1.3MP，4.63mm镜头，4颗红色LED，标准距离120mm，偏振前罩，U口型号,,Power,0,Braket8E,0,DB15M-U-V20,1,,,,,,,,,,,IO-BOX2,0
相机,ID2013EM系列,ID2013EM V1.5 网口,MV-ID2013EM-05-RBN(国内标配)V1.5,313202325,1.3MP，4.63mm镜头，4颗红色LED，标准距离120mm，网口型号,,Power;PwID,0,Braket8E,0,DB15M-L-V15,1,,,,,,,,,,,IO-BOX2,0
相机,ID2013EM系列,ID2013EM V1.5 网口,MV-ID2013EM-05-RBN(国内中性)V1.5,313202389,1.3MP，4.63mm镜头，4颗红色LED，标准距离120mm，网口型号,,Power;PwID,0,Braket8E,0,DB15M-L-V15,1,,,,,,,,,,,IO-BOX2,0
相机,ID2013EM系列,ID2013EM V1.5 网口,MV-ID2013EM-05-RBP(国内标配)V1.5,313202341,1.3MP，4.63mm镜头，4颗红色LED，标准距离120mm，偏振前罩，网口型号,,Power;PwID,0,Braket8E,0,DB15M-L-V15,1,,,,,,,,,,,IO-BOX2,0
相机,ID2013EM系列,ID2013EM V1.5 网口,MV-ID2013EM-05-RBP(国内中性)V1.5,313202388,1.3MP，4.63mm镜头，4颗红色LED，标准距离120mm，偏振前罩，网口型号,,Power;PwID,0,Braket8E,0,DB15M-L-V15,1,,,,,,,,,,,IO-BOX2,0
相机,ID2013EM系列,ID2013EM V1.5 网口,MV-ID2013EM-05-WBN(国内标配)V1.5,313202344,1.3MP，4.63mm镜头，4颗白色LED，标准距离120mm，网口型号,,Power;PwID,0,Braket8E,0,DB15M-L-V15,1,,,,,,,,,,,IO-BOX2,0
相机,ID2013EM系列,ID2013EM V1.5 网口,MV-ID2013EM-05-WBN(国内中性)V1.5,313202391,1.3MP，4.63mm镜头，4颗白色LED，标准距离120mm，网口型号,,Power;PwID,0,Braket8E,0,DB15M-L-V15,1,,,,,,,,,,,IO-BOX2,0
相机,ID2013EM系列,ID2013EM V1.5 网口,MV-ID2013EM-05-WBP(国内标配)V1.5,313202345,1.3MP，4.63mm镜头，4颗白色LED，标准距离120mm，偏振前罩，网口型号,,Power;PwID,0,Braket8E,0,DB15M-L-V15,1,,,,,,,,,,,IO-BOX2,0
相机,ID2013EM系列,ID2013EM V1.5 网口,MV-ID2013EM-05-WBP(国内中性)V1.5,313202390,1.3MP，4.63mm镜头，4颗白色LED，标准距离120mm，偏振前罩，网口型号,,Power;PwID,0,Braket8E,0,DB15M-L-V15,1,,,,,,,,,,,IO-BOX2,0
相机,ID2013EM系列,ID2013EM V1.5 U口,MV-ID2013EM-05-RBN-U(国内标配)V1.5,313202328,1.3MP，4.63mm镜头，4颗红色LED，标准距离120mm，U口型号,,Power,0,Braket8E,0,DB15M-U-V15,1,,,,,,,,,,,IO-BOX2,0
相机,ID2013EM系列,ID2013EM V1.5 U口,MV-ID2013EM-05-RBN-U(国内中性)V1.5,313202385,1.3MP，4.63mm镜头，4颗红色LED，标准距离120mm，U口型号,,Power,0,Braket8E,0,DB15M-U-V15,1,,,,,,,,,,,IO-BOX2,0
相机,ID2013EM系列,ID2013EM V1.5 U口,MV-ID2013EM-05-RBP-U(国内标配)V1.5,313202339,1.3MP，4.63mm镜头，4颗红色LED，标准距离120mm，偏振前罩，U口型号,,Power,0,Braket8E,0,DB15M-U-V15,1,,,,,,,,,,,IO-BOX2,0
相机,ID2013EM系列,ID2013EM V1.5 U口,MV-ID2013EM-05-RBP-U(国内中性)V1.5,313202384,1.3MP，4.63mm镜头，4颗红色LED，标准距离120mm，偏振前罩，U口型号,,Power,0,Braket8E,0,DB15M-U-V15,1,,,,,,,,,,,IO-BOX2,0
相机,ID2013EM系列,ID2013EM V1.5 U口,MV-ID2013EM-05-WBN-U(国内标配)V1.5,313202343,1.3MP，4.63mm镜头，4颗白色LED，标准距离120mm，U口型号,,Power,0,Braket8E,0,DB15M-U-V15,1,,,,,,,,,,,IO-BOX2,0
相机,ID2013EM系列,ID2013EM V1.5 U口,MV-ID2013EM-05-WBN-U(国内中性)V1.5,313202387,1.3MP，4.63mm镜头，4颗白色LED，标准距离120mm，U口型号,,Power,0,Braket8E,0,DB15M-U-V15,1,,,,,,,,,,,IO-BOX2,0
相机,ID2013EM系列,ID2013EM V1.5 U口,MV-ID2013EM-05-WBP-U(国内标配)V1.5,313202340,1.3MP，4.63mm镜头，4颗白色LED，标准距离120mm，偏振前罩，U口型号,,Power,0,Braket8E,0,DB15M-U-V15,1,,,,,,,,,,,IO-BOX2,0
相机,ID2013EM系列,ID2013EM V1.5 U口,MV-ID2013EM-05-WBP-U(国内中性)V1.5,313202386,1.3MP，4.63mm镜头，4颗白色LED，标准距离120mm，偏振前罩，U口型号,,Power,0,Braket8E,0,DB15M-U-V15,1,,,,,,,,,,,IO-BOX2,0
相机,ID2013EM系列,ID2013EM V1.5 网口,MV-ID2013EM-05N-RBN(国内标配)V1.5,313202329,1.3MP，4.63mm镜头，4颗红色LED，近焦距离70mm，网口型号,,Power;PwID,0,Braket8E,0,DB15M-L-V15,1,,,,,,,,,,,IO-BOX2,0
相机,ID2013EM系列,ID2013EM V1.5 网口,MV-ID2013EM-05N-RBN(国内中性)V1.5,313202406,1.3MP，4.63mm镜头，4颗红色LED，近焦距离70mm，网口型号,,Power;PwID,0,Braket8E,0,DB15M-L-V15,1,,,,,,,,,,,IO-BOX2,0
相机,ID2013EM系列,ID2013EM V1.5 网口,MV-ID2013EM-05N-RBP(国内标配)V1.5,313202353,1.3MP，4.63mm镜头，4颗红色LED，近焦距离70mm，偏振前罩，网口型号,,Power;PwID,0,Braket8E,0,DB15M-L-V15,1,,,,,,,,,,,IO-BOX2,0
相机,ID2013EM系列,ID2013EM V1.5 网口,MV-ID2013EM-05N-RBP(国内中性)V1.5,313202405,1.3MP，4.63mm镜头，4颗红色LED，近焦距离70mm，偏振前罩，网口型号,,Power;PwID,0,Braket8E,0,DB15M-L-V15,1,,,,,,,,,,,IO-BOX2,0
相机,ID2013EM系列,ID2013EM V1.5 U口,MV-ID2013EM-05N-RBN-U(国内标配)V1.5,313202330,1.3MP，4.63mm镜头，4颗红色LED，近焦距离70mm，U口型号,"ID2013EM V1.5出货配置为偏振罩，订单中备注：删除：190615470, 添加：102206063；增加偏振检测",Power,0,Braket8E,0,DB15M-U-V15,1,,,,,,,,,,,IO-BOX2,0
相机,ID2013EM系列,ID2013EM V1.5 U口,MV-ID2013EM-05N-RBN-U(国内中性)V1.5,313202404,1.3MP，4.63mm镜头，4颗红色LED，近焦距离70mm，U口型号,"ID2013EM V1.5出货配置为偏振罩，订单中备注：删除：190615470, 添加：102206063；增加偏振检测",Power,0,Braket8E,0,DB15M-U-V15,1,,,,,,,,,,,IO-BOX2,0
相机,ID2013EM系列,ID2013EM V1.5 网口,MV-ID2013EM-03N-RBN(国内标配)V1.5,313202354,1.3MP，3mm镜头，4颗红色LED，近焦距离70mm，网口型号,,Power;PwID,0,Braket8E,0,DB15M-L-V15,1,,,,,,,,,,,IO-BOX2,0
相机,ID2013EM系列,ID2013EM V1.5 网口,MV-ID2013EM-03N-RBN(国内中性)V1.5,313202407,1.3MP，3mm镜头，4颗红色LED，近焦距离70mm，网口型号,,Power;PwID,0,Braket8E,0,DB15M-L-V15,1,,,,,,,,,,,IO-BOX2,0
相机,ID2013EM系列,ID2013EM V1.5 网口,MV-ID2013EM-03N-RBP(国内标配)V1.5,313202355,1.3MP，3mm镜头，4颗红色LED，近焦距离70mm，偏振前罩，网口型号,,Power;PwID,0,Braket8E,0,DB15M-L-V15,1,,,,,,,,,,,IO-BOX2,0
相机,ID2013EM系列,ID2013EM V1.5 网口,MV-ID2013EM-03N-RBP(国内中性)V1.5,313202408,1.3MP，3mm镜头，4颗红色LED，近焦距离70mm，偏振前罩，网口型号,,Power;PwID,0,Braket8E,0,DB15M-L-V15,1,,,,,,,,,,,IO-BOX2,0
相机,ID2013EM系列,ID2013EM V1.5 网口,MV-ID2013EM-05H-RBN(国内标配)V1.5,313202331,1.3MP，4.63mm镜头，4颗红色LED，高密距离40mm，网口型号,,Power;PwID,0,Braket8E,0,DB15M-L-V15,1,,,,,,,,,,,IO-BOX2,0
相机,ID2013EM系列,ID2013EM V1.5 网口,MV-ID2013EM-05H-RBN(国内中性)V1.5,313202400,1.3MP，4.63mm镜头，4颗红色LED，高密距离40mm，网口型号,,Power;PwID,0,Braket8E,0,DB15M-L-V15,1,,,,,,,,,,,IO-BOX2,0
相机,ID2013EM系列,ID2013EM V1.5 网口,MV-ID2013EM-05H-RBP(国内标配)V1.5,313202350,1.3MP，4.63mm镜头，4颗红色LED，高密距离40mm，偏振前罩，网口型号,,Power;PwID,0,Braket8E,0,DB15M-L-V15,1,,,,,,,,,,,IO-BOX2,0
相机,ID2013EM系列,ID2013EM V1.5 网口,MV-ID2013EM-05H-RBP(国内中性)V1.5,313202399,1.3MP，4.63mm镜头，4颗红色LED，高密距离40mm，偏振前罩，网口型号,,Power;PwID,0,Braket8E,0,DB15M-L-V15,1,,,,,,,,,,,IO-BOX2,0
相机,ID2013EM系列,ID2013EM V1.5 U口,MV-ID2013EM-05H-RBN-U(国内标配)V1.5,313202332,1.3MP，4.63mm镜头，4颗红色LED，高密距离40mm，U口型号,"ID2013EM V1.5出货配置为偏振罩，订单中备注：删除：190615470, 添加：102206063；增加偏振检测",Power,0,Braket8E,0,DB15M-U-V15,1,,,,,,,,,,,IO-BOX2,0
相机,ID2013EM系列,ID2013EM V1.5 U口,MV-ID2013EM-05H-RBN-U(国内中性)V1.5,313202398,1.3MP，4.63mm镜头，4颗红色LED，高密距离40mm，U口型号,"ID2013EM V1.5出货配置为偏振罩，订单中备注：删除：190615470, 添加：102206063；增加偏振检测",Power,0,Braket8E,0,DB15M-U-V15,1,,,,,,,,,,,IO-BOX2,0
相机,ID2013EM系列,ID2013EM V1.5 网口,MV-ID2013EM-05-RBN-S(国内标配)V1.5,313202333,1.3MP，4.63mm镜头，4颗红色LED，标准距离120mm，侧出网口型号,,Power;PwID,0,Braket8E,0,DB15M-L-V15,1,,,,,,,,,,,IO-BOX2,0
相机,ID2013EM系列,ID2013EM V1.5 网口,MV-ID2013EM-05-RBN-S(国内中性)V1.5,313202382,1.3MP，4.63mm镜头，4颗红色LED，标准距离120mm，侧出网口型号,,Power;PwID,0,Braket8E,0,DB15M-L-V15,1,,,,,,,,,,,IO-BOX2,0
相机,ID2013EM系列,ID2013EM V1.5 网口,MV-ID2013EM-05-RBP-S(国内标配)V1.5,313202338,1.3MP，4.63mm镜头，4颗红色LED，标准距离120mm，偏振前罩，侧出网口型号,,Power;PwID,0,Braket8E,0,DB15M-L-V15,1,,,,,,,,,,,IO-BOX2,0
相机,ID2013EM系列,ID2013EM V1.5 网口,MV-ID2013EM-05-RBP-S(国内中性)V1.5,313202381,1.3MP，4.63mm镜头，4颗红色LED，标准距离120mm，偏振前罩，侧出网口型号,,Power;PwID,0,Braket8E,0,DB15M-L-V15,1,,,,,,,,,,,IO-BOX2,0
相机,ID2013EM系列,ID2013EM V1.5 U口,MV-ID2013EM-05-RBN-SU(国内标配)V1.5,313202334,1.3MP，4.63mm镜头，4颗红色LED，标准距离120mm，侧出U口型号,,Power,0,Braket8E,0,DB15M-U-V15,1,,,,,,,,,,,IO-BOX2,0
相机,ID2013EM系列,ID2013EM V1.5 U口,MV-ID2013EM-05-RBN-SU(国内中性)V1.5,313202379,1.3MP，4.63mm镜头，4颗红色LED，标准距离120mm，侧出U口型号,,Power,0,Braket8E,0,DB15M-U-V15,1,,,,,,,,,,,IO-BOX2,0
相机,ID2013EM系列,ID2013EM V1.5 U口,MV-ID2013EM-05-RBP-SU(国内标配)V1.5,313202337,1.3MP，4.63mm镜头，4颗红色LED，标准距离120mm，偏振前罩，侧出U口型号,,Power,0,Braket8E,0,DB15M-U-V15,1,,,,,,,,,,,IO-BOX2,0
相机,ID2013EM系列,ID2013EM V1.5 U口,MV-ID2013EM-05-RBP-SU(国内中性)V1.5,313202380,1.3MP，4.63mm镜头，4颗红色LED，标准距离120mm，偏振前罩，侧出U口型号,,Power,0,Braket8E,0,DB15M-U-V15,1,,,,,,,,,,,IO-BOX2,0
相机,ID2013EM系列,ID2013EM V1.5 网口,MV-ID2013EM-05N-RBN-S(国内标配)V1.5,313202352,1.3MP，4.63mm镜头，4颗红色LED，近焦距离70mm，侧出网口型号,"ID2013EM V1.5出货配置为偏振罩，订单中备注：删除：190615470, 添加：102206063；增加偏振检测",Power;PwID,0,Braket8E,0,DB15M-L-V15,1,,,,,,,,,,,IO-BOX2,0
相机,ID2013EM系列,ID2013EM V1.5 网口,MV-ID2013EM-05N-RBN-S(国内中性)V1.5,313202402,1.3MP，4.63mm镜头，4颗红色LED，近焦距离70mm，侧出网口型号,"ID2013EM V1.5出货配置为偏振罩，订单中备注：删除：190615470, 添加：102206063；增加偏振检测",Power;PwID,0,Braket8E,0,DB15M-L-V15,1,,,,,,,,,,,IO-BOX2,0
相机,ID2013EM系列,ID2013EM V1.5 U口,MV-ID2013EM-05N-RBN-SU(国内标配)V1.5,313202351,1.3MP，4.63mm镜头，4颗红色LED，近焦距离70mm，侧出U口型号,"ID2013EM V1.5出货配置为偏振罩，订单中备注：删除：190615470, 添加：102206063；增加偏振检测",Power,0,Braket8E,0,DB15M-U-V15,1,,,,,,,,,,,IO-BOX2,0
相机,ID2013EM系列,ID2013EM V1.5 U口,MV-ID2013EM-05N-RBN-SU(国内中性)V1.5,313202401,1.3MP，4.63mm镜头，4颗红色LED，近焦距离70mm，侧出U口型号,"ID2013EM V1.5出货配置为偏振罩，订单中备注：删除：190615470, 添加：102206063；增加偏振检测",Power,0,Braket8E,0,DB15M-U-V15,1,,,,,,,,,,,IO-BOX2,0
相机,ID2013EM系列,ID2013EM V1.5 网口,MV-ID2013EM-05H-RBN-S(国内标配)V1.5,313202349,1.3MP，4.63mm镜头，4颗红色LED，高密距离40mm，侧出网口型号,"ID2013EM V1.5出货配置为偏振罩，订单中备注：删除：190615470, 添加：102206063；增加偏振检测",Power;PwID,0,Braket8E,0,DB15M-L-V15,1,,,,,,,,,,,IO-BOX2,0
相机,ID2013EM系列,ID2013EM V1.5 网口,MV-ID2013EM-05H-RBN-S(国内中性)V1.5,313202397,1.3MP，4.63mm镜头，4颗红色LED，高密距离40mm，侧出网口型号,"ID2013EM V1.5出货配置为偏振罩，订单中备注：删除：190615470, 添加：102206063；增加偏振检测",Power;PwID,0,Braket8E,0,DB15M-L-V15,1,,,,,,,,,,,IO-BOX2,0
相机,ID2013EM系列,ID2013EM V1.5 U口,MV-ID2013EM-05H-RBN-SU(国内标配)V1.5,313202348,1.3MP，4.63mm镜头，4颗红色LED，高密距离40mm，侧出U口型号,"ID2013EM V1.5出货配置为偏振罩，订单中备注：删除：190615470, 添加：102206063；增加偏振检测",Power,0,Braket8E,0,DB15M-U-V15,1,,,,,,,,,,,IO-BOX2,0
相机,ID2013EM系列,ID2013EM V1.5 U口,MV-ID2013EM-05H-RBN-SU(国内中性)V1.5,313202396,1.3MP，4.63mm镜头，4颗红色LED，高密距离40mm，侧出U口型号,"ID2013EM V1.5出货配置为偏振罩，订单中备注：删除：190615470, 添加：102206063；增加偏振检测",Power,0,Braket8E,0,DB15M-U-V15,1,,,,,,,,,,,IO-BOX2,0
相机,ID2013EM系列,ID2013EM V1.5 网口,MV-ID2013EP-05-RBN(国内标配)V1.5,313202335,金属上盖，1.3MP，4.63mm镜头，4颗红色LED，标准距离120mm，网口型号,,Power;PwID,0,Braket8E,0,DB15M-L-V15,1,,,,,,,,,,,IO-BOX2,0
相机,ID2013EM系列,ID2013EM V1.5 网口,MV-ID2013EP-05-RBN(国内中性)V1.5,313202395,金属上盖，1.3MP，4.63mm镜头，4颗红色LED，标准距离120mm，网口型号,,Power;PwID,0,Braket8E,0,DB15M-L-V15,1,,,,,,,,,,,IO-BOX2,0
相机,ID2013EM系列,ID2013EM V1.5 网口,MV-ID2013EP-05-RBP(国内标配)V1.5,313202347,金属上盖，1.3MP，4.63mm镜头，4颗红色LED，标准距离120mm，偏振前罩，网口型号,,Power;PwID,0,Braket8E,0,DB15M-L-V15,1,,,,,,,,,,,IO-BOX2,0
相机,ID2013EM系列,ID2013EM V1.5 网口,MV-ID2013EP-05-RBP(国内中性)V1.5,313202393,金属上盖，1.3MP，4.63mm镜头，4颗红色LED，标准距离120mm，偏振前罩，网口型号,,Power;PwID,0,Braket8E,0,DB15M-L-V15,1,,,,,,,,,,,IO-BOX2,0
相机,ID2013EM系列,ID2013EM V1.5 U口,MV-ID2013EP-05-RBN-U(国内标配)V1.5,313202336,金属上盖，1.3MP，4.63mm镜头，4颗红色LED，标准距离120mm，U口型号,,Power,0,Braket8E,0,DB15M-U-V15,1,,,,,,,,,,,IO-BOX2,0
相机,ID2013EM系列,ID2013EM V1.5 U口,MV-ID2013EP-05-RBN-U(国内中性)V1.5,313202394,金属上盖，1.3MP，4.63mm镜头，4颗红色LED，标准距离120mm，U口型号,,Power,0,Braket8E,0,DB15M-U-V15,1,,,,,,,,,,,IO-BOX2,0
相机,ID2013EM系列,ID2013EM V1.5 U口,MV-ID2013EP-05-RBP-U(国内标配)V1.5,313202346,金属上盖，1.3MP，4.63mm镜头，4颗红色LED，标准距离120mm，偏振前罩，U口型号,,Power,0,Braket8E,0,DB15M-U-V15,1,,,,,,,,,,,IO-BOX2,0
相机,ID2013EM系列,ID2013EM V1.5 U口,MV-ID2013EP-05-RBP-U(国内中性)V1.5,313202392,金属上盖，1.3MP，4.63mm镜头，4颗红色LED，标准距离120mm，偏振前罩，U口型号,,Power,0,Braket8E,0,DB15M-U-V15,1,,,,,,,,,,,IO-BOX2,0
相机,ID2000M系列,ID2004M基础款网口,MV-ID2004M-06S-BBN(国内标配)V4.0,313202598,0.4MP，6.7mm镜头，4颗蓝色LED，工作距离40~120mm，基础款网口,,Power,0,Braket2M,1,M12A17-L,1,,,,,,,,,,,Iso-Braket;IO-BOX3,1
相机,ID2000M系列,ID2004M基础款网口,MV-ID2004M-06S-BBN(国内中性)V4.0,313202601,0.4MP，6.7mm镜头，4颗蓝色LED，工作距离40~120mm，基础款网口,,Power,0,Braket2M,1,M12A17-L,1,,,,,,,,,,,Iso-Braket;IO-BOX3,1
相机,ID2000M系列,ID2004M基础款网口,MV-ID2004M-06S-RBN(国内标配)V4.0,313202597,0.4MP，6.7mm镜头，4颗红色LED，工作距离40~120mm，基础款网口,,Power,0,Braket2M,1,M12A17-L,1,,,,,,,,,,,Iso-Braket;IO-BOX3,1
相机,ID2000M系列,ID2004M基础款网口,MV-ID2004M-06S-RBN(国内中性)V4.0,313202600,0.4MP，6.7mm镜头，4颗红色LED，工作距离40~120mm，基础款网口,,Power,0,Braket2M,1,M12A17-L,1,,,,,,,,,,,Iso-Braket;IO-BOX3,1
相机,ID2000M系列,ID2004M基础款网口,MV-ID2004M-06S-WBN(国内标配)V4.0,313202599,0.4MP，6.7mm镜头，4颗白色LED，工作距离40~120mm，基础款网口,,Power,0,Braket2M,1,M12A17-L,1,,,,,,,,,,,Iso-Braket;IO-BOX3,1
相机,ID2000M系列,ID2004M基础款网口,MV-ID2004M-06S-WBN(国内中性)V4.0,313202602,0.4MP，6.7mm镜头，4颗白色LED，工作距离40~120mm，基础款网口,,Power,0,Braket2M,1,M12A17-L,1,,,,,,,,,,,Iso-Braket;IO-BOX3,1
相机,ID2000M系列,ID2004M调焦款网口,MV-ID2004M-16T-RBN(国内标配)V4.0,313202603,0.4MP，16mm镜头，4颗红色LED，工作距离100~400mm，固态调焦,ID2004M调焦款出货配置偏振镜头罩，订单中备注：删除：202402450，添加：202402298；增加偏振检测,Power,0,Braket2M,1,M12A17-L,1,,,,,,,,,,,Iso-Braket;IO-BOX3,1
相机,ID2000M系列,ID2004M调焦款网口,MV-ID2004M-16T-RBN(国内中性)V4.0,313202604,0.4MP，16mm镜头，4颗红色LED，工作距离100~400mm，固态调焦,ID2004M调焦款出货配置偏振镜头罩，订单中备注：删除：202402450，添加：202402298；增加偏振检测,Power,0,Braket2M,1,M12A17-L,1,,,,,,,,,,,Iso-Braket;IO-BOX3,1
相机,ID2000M系列,ID2004M基础款U口,MV-ID2004M-06S-RBN-U(国内标配)V2.0,313201686,0.4MP，6.7mm镜头，4颗红色LED，工作距离40~120mm，基础款U口,,Power,0,Braket2M,1,M12A17-U,1,,,,,,,,,,,Iso-Braket,1
相机,ID2000M系列,ID2004M基础款U口,MV-ID2004M-06S-RBN-U(国内中性)V2.0,313201687,0.4MP，6.7mm镜头，4颗红色LED，工作距离40~120mm，基础款U口,,Power,0,Braket2M,1,M12A17-U,1,,,,,,,,,,,Iso-Braket,1
相机,ID2000M系列,ID2004M基础款U口,MV-ID2004M-06S-BBN-U(国内标配)V2.0,313201688,0.4MP，6.7mm镜头，4颗蓝色LED，工作距离40~120mm，基础款U口,,Power,0,Braket2M,1,M12A17-U,1,,,,,,,,,,,Iso-Braket,1
相机,ID2000M系列,ID2004M基础款U口,MV-ID2004M-06S-BBN-U(国内中性)V2.0,313201689,0.4MP，6.7mm镜头，4颗蓝色LED，工作距离40~120mm，基础款U口,,Power,0,Braket2M,1,M12A17-U,1,,,,,,,,,,,Iso-Braket,1
相机,ID2000M系列,ID2004M基础款U口,MV-ID2004M-06S-WBN-U(国内标配)V2.0,313202288,0.4MP，6.7mm镜头，4颗白色LED，工作距离40~120mm，基础款U口,,Power,0,Braket2M,1,M12A17-U,1,,,,,,,,,,,Iso-Braket,1
相机,ID2000M系列,ID2004M基础款U口,MV-ID2004M-06S-WBN-U(国内中性)V2.0,313201690,0.4MP，6.7mm镜头，4颗白色LED，工作距离40~120mm，基础款U口,,Power,0,Braket2M,1,M12A17-U,1,,,,,,,,,,,Iso-Braket,1
相机,ID2000M系列,ID2013M基础款网口,MV-ID2013M-06S-RBN(国内标配)V4.0,313202620,1.3MP，6.7mm镜头，4颗红色LED，工作距离40~120mm，基础款网口,,Power,0,Braket2M,1,M12A17-L,1,,,,,,,,,,,Iso-Braket;IO-BOX3,1
相机,ID2000M系列,ID2013M基础款网口,MV-ID2013M-06S-RBN(国内中性)V4.0,313202629,1.3MP，6.7mm镜头，4颗红色LED，工作距离40~120mm，基础款网口,,Power,0,Braket2M,1,M12A17-L,1,,,,,,,,,,,Iso-Braket;IO-BOX3,1
相机,ID2000M系列,ID2013M基础款网口,MV-ID2013M-06S-WBN(国内标配)V4.0,313202622,1.3MP，6.7mm镜头，4颗白色LED，工作距离40~120mm，基础款网口,,Power,0,Braket2M,1,M12A17-L,1,,,,,,,,,,,Iso-Braket;IO-BOX3,1
相机,ID2000M系列,ID2013M基础款网口,MV-ID2013M-06S-WBN(国内中性)V4.0,313202626,1.3MP，6.7mm镜头，4颗白色LED，工作距离40~120mm，基础款网口,,Power,0,Braket2M,1,M12A17-L,1,,,,,,,,,,,Iso-Braket;IO-BOX3,1
相机,ID2000M系列,ID2013M基础款网口,MV-ID2013M-06S-BBN(国内标配)V4.0,313202624,1.3MP，6.7mm镜头，4颗蓝色LED，工作距离40~120mm，基础款网口,,Power,0,Braket2M,1,M12A17-L,1,,,,,,,,,,,Iso-Braket;IO-BOX3,1
相机,ID2000M系列,ID2013M基础款网口,MV-ID2013M-06S-BBN(国内中性)V4.0,313202628,1.3MP，6.7mm镜头，4颗蓝色LED，工作距离40~120mm，基础款网口,,Power,0,Braket2M,1,M12A17-L,1,,,,,,,,,,,Iso-Braket;IO-BOX3,1
相机,ID2000M系列,ID2013M基础款网口,MV-ID2013M-06S-RBP(国内标配)V4.0,313202621,1.3MP，6.7mm镜头，4颗红色LED，工作距离40~120mm，偏振前罩，基础款网口,,Power,0,Braket2M,1,M12A17-L,1,,,,,,,,,,,Iso-Braket;IO-BOX3,1
相机,ID2000M系列,ID2013M基础款网口,MV-ID2013M-06S-RBP(国内中性)V4.0,313202625,1.3MP，6.7mm镜头，4颗红色LED，工作距离40~120mm，偏振前罩，基础款网口,,Power,0,Braket2M,1,M12A17-L,1,,,,,,,,,,,Iso-Braket;IO-BOX3,1
相机,ID2000M系列,ID2013M基础款网口,MV-ID2013M-06S-WBP(国内标配)V4.0,313202623,1.3MP，6.7mm镜头，4颗白色LED，工作距离40~120mm，偏振前罩，基础款网口,,Power,0,Braket2M,1,M12A17-L,1,,,,,,,,,,,Iso-Braket;IO-BOX3,1
相机,ID2000M系列,ID2013M基础款网口,MV-ID2013M-06S-WBP(国内中性)V4.0,313202627,1.3MP，6.7mm镜头，4颗白色LED，工作距离40~120mm，偏振前罩，基础款网口,,Power,0,Braket2M,1,M12A17-L,1,,,,,,,,,,,Iso-Braket;IO-BOX3,1
相机,ID2000M系列,ID2013M基础款网口,MV-ID2013M-06S-RBN-YAG(国内中性)V4.0,313202630,1.3MP，6.7mm镜头，4颗红色LED，工作距离40~120mm，YAG防护，基础款网口,,Power,0,Braket2M,1,M12A17-L,1,,,,,,,,,,,Iso-Braket;IO-BOX3,1
相机,ID2000M系列,ID2013M基础款网口,MV-ID2013M-06S-RBP-YAG(国内中性)V4.0,313202631,1.3MP，6.7mm镜头，4颗红色LED，工作距离40~120mm，YAG防护，偏振前罩，基础款网口,,Power,0,Braket2M,1,M12A17-L,1,,,,,,,,,,,Iso-Braket;IO-BOX3,1
相机,ID2000M系列,ID2013M长焦款网口,MV-ID2013M-16S-RBN(国内中性)V4.0,313202635,1.3MP，16mm镜头，6颗红色LED，工作距离105~130mm，长焦款网口,,Power,0,Braket2L,1,M12A17-L,1,,,,,,,,,,,Iso-Braket;IO-BOX3,1
相机,ID2000M系列,ID2013M长焦款网口,MV-ID2013M-16S-RBN-YAG(国内中性)V4.0,313202637,1.3MP，16mm镜头，6颗红色LED，工作距离105~130mm，YAG防护，长焦款网口,,Power,0,Braket2L,1,M12A17-L,1,,,,,,,,,,,Iso-Braket;IO-BOX3,1
相机,ID2000M系列,ID2013M长焦款网口,MV-ID2013M-25S-RBN(国内标配)V4.0,313202633,1.3MP，25mm镜头，6颗红色LED，工作距离170~200mm，长焦款网口,,Power,0,Braket2L,1,M12A17-L,1,,,,,,,,,,,Iso-Braket;IO-BOX3,1
相机,ID2000M系列,ID2013M长焦款网口,MV-ID2013M-25S-RBN(国内中性)V4.0,313202632,1.3MP，25mm镜头，6颗红色LED，工作距离170~200mm，长焦款网口,,Power,0,Braket2L,1,M12A17-L,1,,,,,,,,,,,Iso-Braket;IO-BOX3,1
相机,ID2000M系列,ID2013M长焦款网口,MV-ID2013M-25S-RBN-YAG(国内中性)V4.0,313202634,1.3MP，25mm镜头，6颗红色LED，工作距离170~200mm，YAG防护，长焦款网口,,Power,0,Braket2L,1,M12A17-L,1,,,,,,,,,,,Iso-Braket;IO-BOX3,1
相机,ID2000M系列,ID2016M基础款网口,MV-ID2016M-06S-RBN(国内标配)V4.0,313202588,1.6MP，6.7mm镜头，4颗红色LED，工作距离40~120mm，基础款网口,,Power,0,Braket2M,1,M12A17-L,1,,,,,,,,,,,Iso-Braket;IO-BOX3,1
相机,ID2000M系列,ID2016M基础款网口,MV-ID2016M-06S-RBN(国内中性)V4.0,313202589,1.6MP，6.7mm镜头，4颗红色LED，工作距离40~120mm，基础款网口,,Power,0,Braket2M,1,M12A17-L,1,,,,,,,,,,,Iso-Braket;IO-BOX3,1
相机,ID2000M系列,ID2016M基础款网口,MV-ID2016M-06S-WBN(国内标配)V4.0,313202584,1.6MP，6.7mm镜头，4颗白色LED，工作距离40~120mm，基础款网口,,Power,0,Braket2M,1,M12A17-L,1,,,,,,,,,,,Iso-Braket;IO-BOX3,1
相机,ID2000M系列,ID2016M基础款网口,MV-ID2016M-06S-WBN(国内中性)V4.0,313202585,1.6MP，6.7mm镜头，4颗白色LED，工作距离40~120mm，基础款网口,,Power,0,Braket2M,1,M12A17-L,1,,,,,,,,,,,Iso-Braket;IO-BOX3,1
相机,ID2000M系列,ID2016M基础款网口,MV-ID2016M-06S-BBN(国内标配)V4.0,313202586,1.6MP，6.7mm镜头，4颗蓝色LED，工作距离40~120mm，基础款网口,,Power,0,Braket2M,1,M12A17-L,1,,,,,,,,,,,Iso-Braket;IO-BOX3,1
相机,ID2000M系列,ID2016M基础款网口,MV-ID2016M-06S-BBN(国内中性)V4.0,313202587,1.6MP，6.7mm镜头，4颗蓝色LED，工作距离40~120mm，基础款网口,,Power,0,Braket2M,1,M12A17-L,1,,,,,,,,,,,Iso-Braket;IO-BOX3,1
相机,ID2000M系列,ID2016M基础款网口,MV-ID2016M-06S-RBP(国内标配)V4.0,313202591,1.6MP，6.7mm镜头，4颗红色LED，工作距离40~120mm，偏振前罩，基础款网口,,Power,0,Braket2M,1,M12A17-L,1,,,,,,,,,,,Iso-Braket;IO-BOX3,1
相机,ID2000M系列,ID2016M基础款网口,MV-ID2016M-06S-RBP(国内中性)V4.0,313202590,1.6MP，6.7mm镜头，4颗红色LED，工作距离40~120mm，偏振前罩，基础款网口,,Power,0,Braket2M,1,M12A17-L,1,,,,,,,,,,,Iso-Braket;IO-BOX3,1
相机,ID2000M系列,ID2016M基础款网口,MV-ID2016M-06S-WBP(国内标配)V4.0,313202593,1.6MP，6.7mm镜头，4颗白色LED，工作距离40~120mm，偏振前罩，基础款网口,,Power,0,Braket2M,1,M12A17-L,1,,,,,,,,,,,Iso-Braket;IO-BOX3,1
相机,ID2000M系列,ID2016M基础款网口,MV-ID2016M-06S-WBP(国内中性)V4.0,313202592,1.6MP，6.7mm镜头，4颗白色LED，工作距离40~120mm，偏振前罩，基础款网口,,Power,0,Braket2M,1,M12A17-L,1,,,,,,,,,,,Iso-Braket;IO-BOX3,1
相机,ID2000M系列,ID2016M调焦款网口,MV-ID2016M-06T-RBP(国内标配)V4.0,313202609,1.6MP，6.7mm镜头，4颗红色LED，工作距离70~160mm，偏振前罩，固态调焦,ID2016M调焦款出货配置全透镜头罩，订单中备注：删除：202402298，添加：202402450,Power,0,Braket2M,1,M12A17-L,1,,,,,,,,,,,Iso-Braket;IO-BOX3,1
相机,ID2000M系列,ID2016M调焦款网口,MV-ID2016M-06T-RBP(国内中性)V4.0,313202610,1.6MP，6.7mm镜头，4颗红色LED，工作距离70~160mm，偏振前罩，固态调焦,ID2016M调焦款出货配置全透镜头罩，订单中备注：删除：202402298，添加：202402450,Power,0,Braket2M,1,M12A17-L,1,,,,,,,,,,,Iso-Braket;IO-BOX3,1
相机,ID2000M系列,ID2016M调焦款网口,MV-ID2016M-10T-RBP(国内标配)V4.0,313202612,1.6MP，10mm镜头，4颗红色LED，工作距离100~400mm，偏振前罩，固态调焦,ID2016M调焦款出货配置全透镜头罩，订单中备注：删除：202402298，添加：202402450,Power,0,Braket2M,1,M12A17-L,1,,,,,,,,,,,Iso-Braket;IO-BOX3,1
相机,ID2000M系列,ID2016M调焦款网口,MV-ID2016M-10T-RBP(国内中性)V4.0,313202613,1.6MP，10mm镜头，4颗红色LED，工作距离100~400mm，偏振前罩，固态调焦,ID2016M调焦款出货配置全透镜头罩，订单中备注：删除：202402298，添加：202402450,Power,0,Braket2M,1,M12A17-L,1,,,,,,,,,,,Iso-Braket;IO-BOX3,1
相机,ID2000M系列,ID2016M调焦款网口,MV-ID2016M-16T-RBN(国内标配)V4.0,313202615,1.6MP，16mm镜头，4颗红色LED，工作距离100~400mm，固态调焦,,Power,0,Braket2M,1,M12A17-L,1,,,,,,,,,,,Iso-Braket;IO-BOX3,1
相机,ID2000M系列,ID2016M调焦款网口,MV-ID2016M-16T-RBN(国内中性)V4.0,313202616,1.6MP，16mm镜头，4颗红色LED，工作距离100~400mm，固态调焦,,Power,0,Braket2M,1,M12A17-L,1,,,,,,,,,,,Iso-Braket;IO-BOX3,1
相机,ID2000M系列,ID2016M调焦款网口,MV-ID2016M-16T-RBP(国内标配)V4.0,313203309,1.6MP，16mm镜头，4颗红色LED，工作距离100~400mm，偏振前罩，固态调焦,,Power,0,Braket2M,1,M12A17-L,1,,,,,,,,,,,Iso-Braket;IO-BOX3,1
相机,ID2000M系列,ID2016M调焦款网口,MV-ID2016M-16T-RBP(国内中性)V4.0,313203318,1.6MP，16mm镜头，4颗红色LED，工作距离100~400mm，偏振前罩，固态调焦,,Power,0,Braket2M,1,M12A17-L,1,,,,,,,,,,,Iso-Braket;IO-BOX3,1
相机,ID2000M系列,ID2016M长焦款网口,MV-ID2016M-16S-RBN(国内标配)V4.0,313202907,1.6MP，16mm镜头，6颗红色LED，工作距离105~130mm，长焦款网口,,Power,0,Braket2L,1,M12A17-L,1,,,,,,,,,,,Iso-Braket;IO-BOX3,1
相机,ID2000M系列,ID2016M长焦款网口,MV-ID2016M-16S-RBN(国内中性)V4.0,313202908,1.6MP，16mm镜头，6颗红色LED，工作距离105~130mm，长焦款网口,,Power,0,Braket2L,1,M12A17-L,1,,,,,,,,,,,Iso-Braket;IO-BOX3,1
相机,ID2000M系列,ID2016M长焦款网口,MV-ID2016M-25S-RBN(国内标配)V4.0,313202909,1.6MP，25mm镜头，6颗红色LED，工作距离170~200mm，长焦款网口,,Power,0,Braket2L,1,M12A17-L,1,,,,,,,,,,,Iso-Braket;IO-BOX3,1
相机,ID2000M系列,ID2016M长焦款网口,MV-ID2016M-25S-RBN(国内中性)V4.0,313202910,1.6MP，25mm镜头，6颗红色LED，工作距离170~200mm，长焦款网口,,Power,0,Braket2L,1,M12A17-L,1,,,,,,,,,,,Iso-Braket;IO-BOX3,1
相机,ID2000M系列,ID2016M基础款U口,MV-ID2016M-06S-RBN-U(国内标配)V2.0,313201556,1.6MP，6.7mm镜头，4颗红色LED，工作距离40~120mm，基础款U口,,Power,0,Braket2M,1,M12A17-U,1,,,,,,,,,,,Iso-Braket,1
相机,ID2000M系列,ID2016M基础款U口,MV-ID2016M-06S-RBN-U(国内中性)V2.0,313201557,1.6MP，6.7mm镜头，4颗红色LED，工作距离40~120mm，基础款U口,,Power,0,Braket2M,1,M12A17-U,1,,,,,,,,,,,Iso-Braket,1
相机,ID2000M系列,ID2016M基础款U口,MV-ID2016M-06S-BBN-U(国内标配)V2.0,313201560,1.6MP，6.7mm镜头，4颗蓝色LED，工作距离40~120mm，基础款U口,,Power,0,Braket2M,1,M12A17-U,1,,,,,,,,,,,Iso-Braket,1
相机,ID2000M系列,ID2016M基础款U口,MV-ID2016M-06S-BBN-U(国内中性)V2.0,313202317,1.6MP，6.7mm镜头，4颗蓝色LED，工作距离40~120mm，基础款U口,,Power,0,Braket2M,1,M12A17-U,1,,,,,,,,,,,Iso-Braket,1
相机,ID2000M系列,ID2016M基础款U口,MV-ID2016M-06S-WBN-U(国内标配)V2.0,313201574,1.6MP，6.7mm镜头，4颗白色LED，工作距离40~120mm，基础款U口,,Power,0,Braket2M,1,M12A17-U,1,,,,,,,,,,,Iso-Braket,1
相机,ID2000M系列,ID2016M基础款U口,MV-ID2016M-06S-WBN-U(国内中性)V2.0,313201575,1.6MP，6.7mm镜头，4颗白色LED，工作距离40~120mm，基础款U口,,Power,0,Braket2M,1,M12A17-U,1,,,,,,,,,,,Iso-Braket,1
相机,ID2000XM系列,ID2013XM系列网口,MV-ID2013XM-05M-RBN(国内标配),313203219,1.3MP，5mm镜头，4颗红色LED，半偏镜头罩，机械调焦，网口型号,不配线缆，需额外下单,Power,0,Braket2X,1,M12A17-L,0,,,,,L-4-46,1,C-Y-51.5,1,,,BCL-A,0
相机,ID2000XM系列,ID2013XM系列网口,MV-ID2013XM-05M-RBN(国内中性),313203235,1.3MP，5mm镜头，4颗红色LED，半偏镜头罩，机械调焦，网口型号,不配线缆，需额外下单,Power,0,Braket2X,1,M12A17-L,0,,,,,L-4-46,1,C-Y-51.5,1,,,BCL-A,0
相机,ID2000XM系列,ID2013XM系列网口,MV-ID2013XM-08M-RBN(国内标配),313203221,1.3MP，8mm镜头，4颗红色LED，半偏镜头罩，机械调焦，网口型号,不配线缆，需额外下单,Power,0,Braket2X,1,M12A17-L,0,,,,,L-4-46,1,C-Y-51.5,1,,,BCL-A,0
相机,ID2000XM系列,ID2013XM系列网口,MV-ID2013XM-08M-RBN(国内中性),313203234,1.3MP，8mm镜头，4颗红色LED，半偏镜头罩，机械调焦，网口型号,不配线缆，需额外下单,Power,0,Braket2X,1,M12A17-L,0,,,,,L-4-46,1,C-Y-51.5,1,,,BCL-A,0
相机,ID2000XM系列,ID2013XM系列网口,MV-ID2013XM-12M-RBN(国内标配),313203208,1.3MP，12mm镜头，4颗红色LED，半偏镜头罩，机械调焦，网口型号,不配线缆，需额外下单,Power,0,Braket2X,1,M12A17-L,0,,,,,L-4-46,1,C-Y-51.5,1,,,BCL-A,0
相机,ID2000XM系列,ID2013XM系列网口,MV-ID2013XM-12M-RBN(国内中性),313203229,1.3MP，12mm镜头，4颗红色LED，半偏镜头罩，机械调焦，网口型号,不配线缆，需额外下单,Power,0,Braket2X,1,M12A17-L,0,,,,,L-4-46,1,C-Y-51.5,1,,,BCL-A,0
相机,ID2000XM系列,ID2013XM系列网口,MV-ID2013XM-16M-RBN(国内标配),313203217,1.3MP，16mm镜头，4颗红色LED，半偏镜头罩，机械调焦，网口型号,不配线缆，需额外下单,Power,0,Braket2X,1,M12A17-L,0,,,,,L-4-46,1,C-Y-51.5,1,,,BCL-A,0
相机,ID2000XM系列,ID2013XM系列网口,MV-ID2013XM-16M-RBN(国内中性),313203233,1.3MP，16mm镜头，4颗红色LED，半偏镜头罩，机械调焦，网口型号,不配线缆，需额外下单,Power,0,Braket2X,1,M12A17-L,0,,,,,L-4-46,1,C-Y-51.5,1,,,BCL-A,0
相机,ID2000XM系列,ID2013XM系列网口,MV-ID2013XM-08L-RBN(国内标配),313203215,1.3MP，8mm镜头，4颗红色LED，半偏镜头罩，液态调焦，网口型号,不配线缆，需额外下单,Power,0,Braket2X,1,M12A17-L,0,,,,,LT-4-46,1,C-Y-51.5,1,,,BCL-A,0
相机,ID2000XM系列,ID2013XM系列网口,MV-ID2013XM-08L-RBN(国内中性),313203227,1.3MP，8mm镜头，4颗红色LED，半偏镜头罩，液态调焦，网口型号,不配线缆，需额外下单,Power,0,Braket2X,1,M12A17-L,0,,,,,LT-4-46,1,C-Y-51.5,1,,,BCL-A,0
相机,ID2000XM系列,ID2013XM系列网口,MV-ID2013XM-12L-RBN(国内标配),313203214,1.3MP，12mm镜头，4颗红色LED，半偏镜头罩，液态调焦，网口型号,不配线缆，需额外下单,Power,0,Braket2X,1,M12A17-L,0,,,,,LT-4-46,1,C-Y-51.5,1,,,BCL-A,0
相机,ID2000XM系列,ID2013XM系列网口,MV-ID2013XM-12L-RBN(国内中性),313203225,1.3MP，12mm镜头，4颗红色LED，半偏镜头罩，液态调焦，网口型号,不配线缆，需额外下单,Power,0,Braket2X,1,M12A17-L,0,,,,,LT-4-46,1,C-Y-51.5,1,,,BCL-A,0
相机,ID2000XM系列,ID2013XM系列网口,MV-ID2013XM-16L-RBN(国内标配),313203213,1.3MP，16mm镜头，4颗红色LED，半偏镜头罩，液态调焦，网口型号,不配线缆，需额外下单,Power,0,Braket2X,1,M12A17-L,0,,,,,LT-4-46,1,C-Y-51.5,1,,,BCL-A,0
相机,ID2000XM系列,ID2013XM系列网口,MV-ID2013XM-16L-RBN(国内中性),313203223,1.3MP，16mm镜头，4颗红色LED，半偏镜头罩，液态调焦，网口型号,不配线缆，需额外下单,Power,0,Braket2X,1,M12A17-L,0,,,,,LT-4-46,1,C-Y-51.5,1,,,BCL-A,0
相机,ID2000XM系列,ID2013XM系列U口,MV-ID2013XM-05M-RBN-U(国内标配),313203218,1.3MP，5mm镜头，4颗红色LED，半偏镜头罩，机械调焦，U口型号,不配线缆，需额外下单，U口型号须额外供电,Power;PwID,0,Braket2X,1,M12A17-U,0,,,,,L-4-46,1,C-Y-51.5,1,,,BCL-A,0
相机,ID2000XM系列,ID2013XM系列U口,MV-ID2013XM-05M-RBN-U(国内中性),313203232,1.3MP，5mm镜头，4颗红色LED，半偏镜头罩，机械调焦，U口型号,不配线缆，需额外下单，U口型号须额外供电,Power;PwID,0,Braket2X,1,M12A17-U,0,,,,,L-4-46,1,C-Y-51.5,1,,,BCL-A,0
相机,ID2000XM系列,ID2013XM系列U口,MV-ID2013XM-08M-RBN-U(国内标配),313203220,1.3MP，8mm镜头，4颗红色LED，半偏镜头罩，机械调焦，U口型号,不配线缆，需额外下单，U口型号须额外供电,Power;PwID,0,Braket2X,1,M12A17-U,0,,,,,L-4-46,1,C-Y-51.5,1,,,BCL-A,0
相机,ID2000XM系列,ID2013XM系列U口,MV-ID2013XM-08M-RBN-U(国内中性),313203231,1.3MP，8mm镜头，4颗红色LED，半偏镜头罩，机械调焦，U口型号,不配线缆，需额外下单，U口型号须额外供电,Power;PwID,0,Braket2X,1,M12A17-U,0,,,,,L-4-46,1,C-Y-51.5,1,,,BCL-A,0
相机,ID2000XM系列,ID2013XM系列U口,MV-ID2013XM-12M-RBN-U(国内标配),313203209,1.3MP，12mm镜头，4颗红色LED，半偏镜头罩，机械调焦，U口型号,不配线缆，需额外下单，U口型号须额外供电,Power;PwID,0,Braket2X,1,M12A17-U,0,,,,,L-4-46,1,C-Y-51.5,1,,,BCL-A,0
相机,ID2000XM系列,ID2013XM系列U口,MV-ID2013XM-12M-RBN-U(国内中性),313203228,1.3MP，12mm镜头，4颗红色LED，半偏镜头罩，机械调焦，U口型号,不配线缆，需额外下单，U口型号须额外供电,Power;PwID,0,Braket2X,1,M12A17-U,0,,,,,L-4-46,1,C-Y-51.5,1,,,BCL-A,0
相机,ID2000XM系列,ID2013XM系列U口,MV-ID2013XM-16M-RBN-U(国内标配),313203216,1.3MP，16mm镜头，4颗红色LED，半偏镜头罩，机械调焦，U口型号,不配线缆，需额外下单，U口型号须额外供电,Power;PwID,0,Braket2X,1,M12A17-U,0,,,,,L-4-46,1,C-Y-51.5,1,,,BCL-A,0
相机,ID2000XM系列,ID2013XM系列U口,MV-ID2013XM-16M-RBN-U(国内中性),313203230,1.3MP，16mm镜头，4颗红色LED，半偏镜头罩，机械调焦，U口型号,不配线缆，需额外下单，U口型号须额外供电,Power;PwID,0,Braket2X,1,M12A17-U,0,,,,,L-4-46,1,C-Y-51.5,1,,,BCL-A,0
相机,ID2000XM系列,ID2013XM系列U口,MV-ID2013XM-08L-RBN-U(国内标配),313203212,1.3MP，8mm镜头，4颗红色LED，半偏镜头罩，液态调焦，U口型号,不配线缆，需额外下单，U口型号须额外供电,Power;PwID,0,Braket2X,1,M12A17-U,0,,,,,LT-4-46,1,C-Y-51.5,1,,,BCL-A,0
相机,ID2000XM系列,ID2013XM系列U口,MV-ID2013XM-08L-RBN-U(国内中性),313203226,1.3MP，8mm镜头，4颗红色LED，半偏镜头罩，液态调焦，U口型号,不配线缆，需额外下单，U口型号须额外供电,Power;PwID,0,Braket2X,1,M12A17-U,0,,,,,LT-4-46,1,C-Y-51.5,1,,,BCL-A,0
相机,ID2000XM系列,ID2013XM系列U口,MV-ID2013XM-12L-RBN-U(国内标配),313203211,1.3MP，12mm镜头，4颗红色LED，半偏镜头罩，液态调焦，U口型号,不配线缆，需额外下单，U口型号须额外供电,Power;PwID,0,Braket2X,1,M12A17-U,0,,,,,LT-4-46,1,C-Y-51.5,1,,,BCL-A,0
相机,ID2000XM系列,ID2013XM系列U口,MV-ID2013XM-12L-RBN-U(国内中性),313203224,1.3MP，12mm镜头，4颗红色LED，半偏镜头罩，液态调焦，U口型号,不配线缆，需额外下单，U口型号须额外供电,Power;PwID,0,Braket2X,1,M12A17-U,0,,,,,LT-4-46,1,C-Y-51.5,1,,,BCL-A,0
相机,ID2000XM系列,ID2013XM系列U口,MV-ID2013XM-16L-RBN-U(国内标配),313203210,1.3MP，16mm镜头，4颗红色LED，半偏镜头罩，液态调焦，U口型号,不配线缆，需额外下单，U口型号须额外供电,Power;PwID,0,Braket2X,1,M12A17-U,0,,,,,LT-4-46,1,C-Y-51.5,1,,,BCL-A,0
相机,ID2000XM系列,ID2013XM系列U口,MV-ID2013XM-16L-RBN-U(国内中性),313203222,1.3MP，16mm镜头，4颗红色LED，半偏镜头罩，液态调焦，U口型号,不配线缆，需额外下单，U口型号须额外供电,Power;PwID,0,Braket2X,1,M12A17-U,0,,,,,LT-4-46,1,C-Y-51.5,1,,,BCL-A,0
相机,ID2000XM系列,ID2016XM系列网口,MV-IDBX007X-05ARH(国内标配),328500520,1.6MP，5mm镜头，4颗红色LED，半偏镜头罩，机械调焦，网口型号,不配线缆，需额外下单,Power,0,Braket2X,1,M12A17-L,0,,,,,L-4-46,1,C-Y-51.5,1,,,BCL-A,0
相机,ID2000XM系列,ID2016XM系列网口,MV-IDBX007X-05ARH(国内中性),328500517,1.6MP，5mm镜头，4颗红色LED，半偏镜头罩，机械调焦，网口型号,不配线缆，需额外下单,Power,0,Braket2X,1,M12A17-L,0,,,,,L-4-46,1,C-Y-51.5,1,,,BCL-A,0
相机,ID2000XM系列,ID2016XM系列网口,MV-IDBX007X-08ARH(国内标配),328500515,1.6MP，8mm镜头，4颗红色LED，半偏镜头罩，机械调焦，网口型号,不配线缆，需额外下单,Power,0,Braket2X,1,M12A17-L,0,,,,,L-4-46,1,C-Y-51.5,1,,,BCL-A,0
相机,ID2000XM系列,ID2016XM系列网口,MV-IDBX007X-08ARH(国内中性),328500516,1.6MP，8mm镜头，4颗红色LED，半偏镜头罩，机械调焦，网口型号,不配线缆，需额外下单,Power,0,Braket2X,1,M12A17-L,0,,,,,L-4-46,1,C-Y-51.5,1,,,BCL-A,0
相机,ID2000XM系列,ID2016XM系列网口,MV-IDBX007X-12ARH(国内标配),328500527,1.6MP，12mm镜头，4颗红色LED，半偏镜头罩，机械调焦，网口型号,不配线缆，需额外下单,Power,0,Braket2X,1,M12A17-L,0,,,,,L-4-46,1,C-Y-51.5,1,,,BCL-A,0
相机,ID2000XM系列,ID2016XM系列网口,MV-IDBX007X-12ARH(国内中性),328500526,1.6MP，12mm镜头，4颗红色LED，半偏镜头罩，机械调焦，网口型号,不配线缆，需额外下单,Power,0,Braket2X,1,M12A17-L,0,,,,,L-4-46,1,C-Y-51.5,1,,,BCL-A,0
相机,ID2000XM系列,ID2016XM系列网口,MV-IDBX007X-16ARH(国内标配),328500519,1.6MP，16mm镜头，4颗红色LED，半偏镜头罩，机械调焦，网口型号,不配线缆，需额外下单,Power,0,Braket2X,1,M12A17-L,0,,,,,L-4-46,1,C-Y-51.5,1,,,BCL-A,0
相机,ID2000XM系列,ID2016XM系列网口,MV-IDBX007X-16ARH(国内中性),328500523,1.6MP，16mm镜头，4颗红色LED，半偏镜头罩，机械调焦，网口型号,不配线缆，需额外下单,Power,0,Braket2X,1,M12A17-L,0,,,,,L-4-46,1,C-Y-51.5,1,,,BCL-A,0
相机,ID2000XM系列,ID2016XM系列网口,MV-IDBX007X-08LRH(国内标配),328500503,1.6MP，8mm镜头，4颗红色LED，半偏镜头罩，液态调焦，网口型号,不配线缆，需额外下单,Power,0,Braket2X,1,M12A17-L,0,,,,,LT-4-46,1,C-Y-51.5,1,,,BCL-A,0
相机,ID2000XM系列,ID2016XM系列网口,MV-IDBX007X-08LRH(国内中性),328500512,1.6MP，8mm镜头，4颗红色LED，半偏镜头罩，液态调焦，网口型号,不配线缆，需额外下单,Power,0,Braket2X,1,M12A17-L,0,,,,,LT-4-46,1,C-Y-51.5,1,,,BCL-A,0
相机,ID2000XM系列,ID2016XM系列网口,MV-IDBX007X-12LRH(国内标配),328500508,1.6MP，12mm镜头，4颗红色LED，半偏镜头罩，液态调焦，网口型号,不配线缆，需额外下单,Power,0,Braket2X,1,M12A17-L,0,,,,,LT-4-46,1,C-Y-51.5,1,,,BCL-A,0
相机,ID2000XM系列,ID2016XM系列网口,MV-IDBX007X-12LRH(国内中性),328500505,1.6MP，12mm镜头，4颗红色LED，半偏镜头罩，液态调焦，网口型号,不配线缆，需额外下单,Power,0,Braket2X,1,M12A17-L,0,,,,,LT-4-46,1,C-Y-51.5,1,,,BCL-A,0
相机,ID2000XM系列,ID2016XM系列网口,MV-IDBX007X-16LRH(国内标配),328500504,1.6MP，16mm镜头，4颗红色LED，半偏镜头罩，液态调焦，网口型号,不配线缆，需额外下单,Power,0,Braket2X,1,M12A17-L,0,,,,,LT-4-46,1,C-Y-51.5,1,,,BCL-A,0
相机,ID2000XM系列,ID2016XM系列网口,MV-IDBX007X-16LRH(国内中性),328500506,1.6MP，16mm镜头，4颗红色LED，半偏镜头罩，液态调焦，网口型号,不配线缆，需额外下单,Power,0,Braket2X,1,M12A17-L,0,,,,,LT-4-46,1,C-Y-51.5,1,,,BCL-A,0
相机,ID2000XM系列,ID2016XM系列U口,MV-IDBX007X-05ARHU(国内标配),328500514,1.6MP，5mm镜头，4颗红色LED，半偏镜头罩，机械调焦，U口型号,不配线缆，需额外下单，U口型号须额外供电,Power;PwID,0,Braket2X,1,M12A17-U,0,,,,,L-4-46,1,C-Y-51.5,1,,,BCL-A,0
相机,ID2000XM系列,ID2016XM系列U口,MV-IDBX007X-05ARHU(国内中性),328500513,1.6MP，5mm镜头，4颗红色LED，半偏镜头罩，机械调焦，U口型号,不配线缆，需额外下单，U口型号须额外供电,Power;PwID,0,Braket2X,1,M12A17-U,0,,,,,L-4-46,1,C-Y-51.5,1,,,BCL-A,0
相机,ID2000XM系列,ID2016XM系列U口,MV-IDBX007X-08ARHU(国内标配),328500521,1.6MP，8mm镜头，4颗红色LED，半偏镜头罩，机械调焦，U口型号,不配线缆，需额外下单，U口型号须额外供电,Power;PwID,0,Braket2X,1,M12A17-U,0,,,,,L-4-46,1,C-Y-51.5,1,,,BCL-A,0
相机,ID2000XM系列,ID2016XM系列U口,MV-IDBX007X-08ARHU(国内中性),328500528,1.6MP，8mm镜头，4颗红色LED，半偏镜头罩，机械调焦，U口型号,不配线缆，需额外下单，U口型号须额外供电,Power;PwID,0,Braket2X,1,M12A17-U,0,,,,,L-4-46,1,C-Y-51.5,1,,,BCL-A,0
相机,ID2000XM系列,ID2016XM系列U口,MV-IDBX007X-12ARHU(国内标配),328500522,1.6MP，12mm镜头，4颗红色LED，半偏镜头罩，机械调焦，U口型号,不配线缆，需额外下单，U口型号须额外供电,Power;PwID,0,Braket2X,1,M12A17-U,0,,,,,L-4-46,1,C-Y-51.5,1,,,BCL-A,0
相机,ID2000XM系列,ID2016XM系列U口,MV-IDBX007X-12ARHU(国内中性),328500518,1.6MP，12mm镜头，4颗红色LED，半偏镜头罩，机械调焦，U口型号,不配线缆，需额外下单，U口型号须额外供电,Power;PwID,0,Braket2X,1,M12A17-U,0,,,,,L-4-46,1,C-Y-51.5,1,,,BCL-A,0
相机,ID2000XM系列,ID2016XM系列U口,MV-IDBX007X-16ARHU(国内标配),328500524,1.6MP，16mm镜头，4颗红色LED，半偏镜头罩，机械调焦，U口型号,不配线缆，需额外下单，U口型号须额外供电,Power;PwID,0,Braket2X,1,M12A17-U,0,,,,,L-4-46,1,C-Y-51.5,1,,,BCL-A,0
相机,ID2000XM系列,ID2016XM系列U口,MV-IDBX007X-16ARHU(国内中性),328500525,1.6MP，16mm镜头，4颗红色LED，半偏镜头罩，机械调焦，U口型号,不配线缆，需额外下单，U口型号须额外供电,Power;PwID,0,Braket2X,1,M12A17-U,0,,,,,L-4-46,1,C-Y-51.5,1,,,BCL-A,0
相机,ID2000XM系列,ID2016XM系列U口,MV-IDBX007X-08LRHU(国内标配),328500511,1.6MP，8mm镜头，4颗红色LED，半偏镜头罩，液态调焦，U口型号,不配线缆，需额外下单，U口型号须额外供电,Power;PwID,0,Braket2X,1,M12A17-U,0,,,,,LT-4-46,1,C-Y-51.5,1,,,BCL-A,0
相机,ID2000XM系列,ID2016XM系列U口,MV-IDBX007X-08LRHU(国内中性),328500510,1.6MP，8mm镜头，4颗红色LED，半偏镜头罩，液态调焦，U口型号,不配线缆，需额外下单，U口型号须额外供电,Power;PwID,0,Braket2X,1,M12A17-U,0,,,,,LT-4-46,1,C-Y-51.5,1,,,BCL-A,0
相机,ID2000XM系列,ID2016XM系列U口,MV-IDBX007X-12LRHU(国内标配),328500509,1.6MP，12mm镜头，4颗红色LED，半偏镜头罩，液态调焦，U口型号,不配线缆，需额外下单，U口型号须额外供电,Power;PwID,0,Braket2X,1,M12A17-U,0,,,,,LT-4-46,1,C-Y-51.5,1,,,BCL-A,0
相机,ID2000XM系列,ID2016XM系列U口,MV-IDBX007X-12LRHU(国内中性),328500502,1.6MP，12mm镜头，4颗红色LED，半偏镜头罩，液态调焦，U口型号,不配线缆，需额外下单，U口型号须额外供电,Power;PwID,0,Braket2X,1,M12A17-U,0,,,,,LT-4-46,1,C-Y-51.5,1,,,BCL-A,0
相机,ID2000XM系列,ID2016XM系列U口,MV-IDBX007X-16LRHU(国内标配),328500501,1.6MP，16mm镜头，4颗红色LED，半偏镜头罩，液态调焦，U口型号,不配线缆，需额外下单，U口型号须额外供电,Power;PwID,0,Braket2X,1,M12A17-U,0,,,,,LT-4-46,1,C-Y-51.5,1,,,BCL-A,0
相机,ID2000XM系列,ID2016XM系列U口,MV-IDBX007X-16LRHU(国内中性),328500507,1.6MP，16mm镜头，4颗红色LED，半偏镜头罩，液态调焦，U口型号,不配线缆，需额外下单，U口型号须额外供电,Power;PwID,0,Braket2X,1,M12A17-U,0,,,,,LT-4-46,1,C-Y-51.5,1,,,BCL-A,0
相机,ID2000XM系列,ID2023XM系列网口,MV-ID2023XM-05M-RBN(国内标配),313202681,2.4MP，5mm镜头，4颗红色LED，半偏镜头罩，机械调焦，网口型号,不配线缆，需额外下单,Power,0,Braket2X,1,M12A17-L,0,,,,,L-4-46,1,C-Y-51.5,1,,,BCL-A,0
相机,ID2000XM系列,ID2023XM系列网口,MV-ID2023XM-05M-RBN(国内中性),313202792,2.4MP，5mm镜头，4颗红色LED，半偏镜头罩，机械调焦，网口型号,不配线缆，需额外下单,Power,0,Braket2X,1,M12A17-L,0,,,,,L-4-46,1,C-Y-51.5,1,,,BCL-A,0
相机,ID2000XM系列,ID2023XM系列网口,MV-ID2023XM-08M-RBN(国内标配),313202342,2.4MP，8mm镜头，4颗红色LED，半偏镜头罩，机械调焦，网口型号,不配线缆，需额外下单,Power,0,Braket2X,1,M12A17-L,0,,,,,L-4-46,1,C-Y-51.5,1,,,BCL-A,0
相机,ID2000XM系列,ID2023XM系列网口,MV-ID2023XM-08M-RBN(国内中性),313202793,2.4MP，8mm镜头，4颗红色LED，半偏镜头罩，机械调焦，网口型号,不配线缆，需额外下单,Power,0,Braket2X,1,M12A17-L,0,,,,,L-4-46,1,C-Y-51.5,1,,,BCL-A,0
相机,ID2000XM系列,ID2023XM系列网口,MV-ID2023XM-12M-RBN(国内标配),313202827,2.4MP，12mm镜头，4颗红色LED，半偏镜头罩，机械调焦，网口型号,不配线缆，需额外下单,Power,0,Braket2X,1,M12A17-L,0,,,,,L-4-46,1,C-Y-51.5,1,,,BCL-A,0
相机,ID2000XM系列,ID2023XM系列网口,MV-ID2023XM-12M-RBN(国内中性),313202824,2.4MP，12mm镜头，4颗红色LED，半偏镜头罩，机械调焦，网口型号,不配线缆，需额外下单,Power,0,Braket2X,1,M12A17-L,0,,,,,L-4-46,1,C-Y-51.5,1,,,BCL-A,0
相机,ID2000XM系列,ID2023XM系列网口,MV-ID2023XM-16M-RBN(国内标配),313202683,2.4MP，16mm镜头，4颗红色LED，半偏镜头罩，机械调焦，网口型号,不配线缆，需额外下单,Power,0,Braket2X,1,M12A17-L,0,,,,,L-4-46,1,C-Y-51.5,1,,,BCL-A,0
相机,ID2000XM系列,ID2023XM系列网口,MV-ID2023XM-16M-RBN(国内中性),313202794,2.4MP，16mm镜头，4颗红色LED，半偏镜头罩，机械调焦，网口型号,不配线缆，需额外下单,Power,0,Braket2X,1,M12A17-L,0,,,,,L-4-46,1,C-Y-51.5,1,,,BCL-A,0
相机,ID2000XM系列,ID2023XM系列网口,MV-ID2023XM-08L-RBN(国内标配),313202754,2.4MP，8mm镜头，4颗红色LED，半偏镜头罩，液态调焦，网口型号,不配线缆，需额外下单,Power,0,Braket2X,1,M12A17-L,0,,,,,LT-4-46,1,C-Y-51.5,1,,,BCL-A,0
相机,ID2000XM系列,ID2023XM系列网口,MV-ID2023XM-08L-RBN(国内中性),313202920,2.4MP，8mm镜头，4颗红色LED，半偏镜头罩，液态调焦，网口型号,不配线缆，需额外下单,Power,0,Braket2X,1,M12A17-L,0,,,,,LT-4-46,1,C-Y-51.5,1,,,BCL-A,0
相机,ID2000XM系列,ID2023XM系列网口,MV-ID2023XM-12L-RBN(国内标配),313202755,2.4MP，12mm镜头，4颗红色LED，半偏镜头罩，液态调焦，网口型号,不配线缆，需额外下单,Power,0,Braket2X,1,M12A17-L,0,,,,,LT-4-46,1,C-Y-51.5,1,,,BCL-A,0
相机,ID2000XM系列,ID2023XM系列网口,MV-ID2023XM-12L-RBN(国内中性),313202928,2.4MP，12mm镜头，4颗红色LED，半偏镜头罩，液态调焦，网口型号,不配线缆，需额外下单,Power,0,Braket2X,1,M12A17-L,0,,,,,LT-4-46,1,C-Y-51.5,1,,,BCL-A,0
相机,ID2000XM系列,ID2023XM系列网口,MV-ID2023XM-16L-RBN(国内标配),313202756,2.4MP，16mm镜头，4颗红色LED，半偏镜头罩，液态调焦，网口型号,不配线缆，需额外下单,Power,0,Braket2X,1,M12A17-L,0,,,,,LT-4-46,1,C-Y-51.5,1,,,BCL-A,0
相机,ID2000XM系列,ID2023XM系列网口,MV-ID2023XM-16L-RBN(国内中性),313202930,2.4MP，16mm镜头，4颗红色LED，半偏镜头罩，液态调焦，网口型号,不配线缆，需额外下单,Power,0,Braket2X,1,M12A17-L,0,,,,,LT-4-46,1,C-Y-51.5,1,,,BCL-A,0
相机,ID2000XM系列,ID2023XM系列U口,MV-ID2023XM-05M-RBN-U(国内标配),313202682,2.4MP，5mm镜头，4颗红色LED，半偏镜头罩，机械调焦，网口型号,不配线缆，需额外下单，U口型号须额外供电,Power;PwID,0,Braket2X,1,M12A17-U,0,,,,,L-4-46,1,C-Y-51.5,1,,,BCL-A,0
相机,ID2000XM系列,ID2023XM系列U口,MV-ID2023XM-05M-RBN-U(国内中性),313202795,2.4MP，5mm镜头，4颗红色LED，半偏镜头罩，机械调焦，U口型号,不配线缆，需额外下单，U口型号须额外供电,Power;PwID,0,Braket2X,1,M12A17-U,0,,,,,L-4-46,1,C-Y-51.5,1,,,BCL-A,0
相机,ID2000XM系列,ID2023XM系列U口,MV-ID2023XM-08M-RBN-U(国内标配),313202427,2.4MP，8mm镜头，4颗红色LED，半偏镜头罩，机械调焦，U口型号,不配线缆，需额外下单，U口型号须额外供电,Power;PwID,0,Braket2X,1,M12A17-U,0,,,,,L-4-46,1,C-Y-51.5,1,,,BCL-A,0
相机,ID2000XM系列,ID2023XM系列U口,MV-ID2023XM-08M-RBN-U(国内中性),313202796,2.4MP，8mm镜头，4颗红色LED，半偏镜头罩，机械调焦，U口型号,不配线缆，需额外下单，U口型号须额外供电,Power;PwID,0,Braket2X,1,M12A17-U,0,,,,,L-4-46,1,C-Y-51.5,1,,,BCL-A,0
相机,ID2000XM系列,ID2023XM系列U口,MV-ID2023XM-12M-RBN-U(国内标配),313202826,2.4MP，12mm镜头，4颗红色LED，半偏镜头罩，机械调焦，U口型号,不配线缆，需额外下单，U口型号须额外供电,Power;PwID,0,Braket2X,1,M12A17-U,0,,,,,L-4-46,1,C-Y-51.5,1,,,BCL-A,0
相机,ID2000XM系列,ID2023XM系列U口,MV-ID2023XM-12M-RBN-U(国内中性),313202829,2.4MP，12mm镜头，4颗红色LED，半偏镜头罩，机械调焦，U口型号,不配线缆，需额外下单，U口型号须额外供电,Power;PwID,0,Braket2X,1,M12A17-U,0,,,,,L-4-46,1,C-Y-51.5,1,,,BCL-A,0
相机,ID2000XM系列,ID2023XM系列U口,MV-ID2023XM-16M-RBN-U(国内标配),313202684,2.4MP，16mm镜头，4颗红色LED，半偏镜头罩，机械调焦，U口型号,不配线缆，需额外下单，U口型号须额外供电,Power;PwID,0,Braket2X,1,M12A17-U,0,,,,,L-4-46,1,C-Y-51.5,1,,,BCL-A,0
相机,ID2000XM系列,ID2023XM系列U口,MV-ID2023XM-16M-RBN-U(国内中性),313202797,2.4MP，16mm镜头，4颗红色LED，半偏镜头罩，机械调焦，U口型号,不配线缆，需额外下单，U口型号须额外供电,Power;PwID,0,Braket2X,1,M12A17-U,0,,,,,L-4-46,1,C-Y-51.5,1,,,BCL-A,0
相机,ID2000XM系列,ID2023XM系列U口,MV-ID2023XM-08L-RBN-U(国内标配),313202783,2.4MP，8mm镜头，4颗红色LED，半偏镜头罩，液态调焦，U口型号,不配线缆，需额外下单，U口型号须额外供电,Power;PwID,0,Braket2X,1,M12A17-U,0,,,,,LT-4-46,1,C-Y-51.5,1,,,BCL-A,0
相机,ID2000XM系列,ID2023XM系列U口,MV-ID2023XM-08L-RBN-U(国内中性),313202927,2.4MP，8mm镜头，4颗红色LED，半偏镜头罩，液态调焦，U口型号,不配线缆，需额外下单，U口型号须额外供电,Power;PwID,0,Braket2X,1,M12A17-U,0,,,,,LT-4-46,1,C-Y-51.5,1,,,BCL-A,0
相机,ID2000XM系列,ID2023XM系列U口,MV-ID2023XM-12L-RBN-U(国内标配),313202785,2.4MP，12mm镜头，4颗红色LED，半偏镜头罩，液态调焦，U口型号,不配线缆，需额外下单，U口型号须额外供电,Power;PwID,0,Braket2X,1,M12A17-U,0,,,,,LT-4-46,1,C-Y-51.5,1,,,BCL-A,0
相机,ID2000XM系列,ID2023XM系列U口,MV-ID2023XM-12L-RBN-U(国内中性),313202929,2.4MP，12mm镜头，4颗红色LED，半偏镜头罩，液态调焦，U口型号,不配线缆，需额外下单，U口型号须额外供电,Power;PwID,0,Braket2X,1,M12A17-U,0,,,,,LT-4-46,1,C-Y-51.5,1,,,BCL-A,0
相机,ID2000XM系列,ID2023XM系列U口,MV-ID2023XM-16L-RBN-U(国内标配),313202786,2.4MP，16mm镜头，4颗红色LED，半偏镜头罩，液态调焦，U口型号,不配线缆，需额外下单，U口型号须额外供电,Power;PwID,0,Braket2X,1,M12A17-U,0,,,,,LT-4-46,1,C-Y-51.5,1,,,BCL-A,0
相机,ID2000XM系列,ID2023XM系列U口,MV-ID2023XM-16L-RBN-U(国内中性),313202931,2.4MP，16mm镜头，4颗红色LED，半偏镜头罩，液态调焦，U口型号,不配线缆，需额外下单，U口型号须额外供电,Power;PwID,0,Braket2X,1,M12A17-U,0,,,,,LT-4-46,1,C-Y-51.5,1,,,BCL-A,0
相机,ID3000PM系列,ID3013PM系列,MV-ID3013PM-06M-WBN(国内标配)V2.0,313200851,1.3MP，6mm镜头，14颗白色LED，半偏镜头罩，机械调焦,,Power,0,Braket3P,1,M12A17-L,1,,,,,L-14-55,1,C-Y-62-14,1,,,,
相机,ID3000PM系列,ID3013PM系列,MV-ID3013PM-06M-WBN(国内中性)V2.0,313200850,1.3MP，6mm镜头，14颗白色LED，半偏镜头罩，机械调焦,,Power,0,Braket3P,1,M12A17-L,1,,,,,L-14-55,1,C-Y-62-14,1,,,,
相机,ID3000PM系列,ID3013PM系列,MV-ID3013PM-12M-WBN(国内标配)V2.0,313200854,1.3MP，12mm镜头，14颗白色LED，半偏镜头罩，机械调焦,,Power,0,Braket3P,1,M12A17-L,1,,,,,L-14-55,1,C-Y-62-14,1,,,,
相机,ID3000PM系列,ID3013PM系列,MV-ID3013PM-12M-WBN(国内中性)V2.0,313200853,1.3MP，12mm镜头，14颗白色LED，半偏镜头罩，机械调焦,,Power,0,Braket3P,1,M12A17-L,1,,,,,L-14-55,1,C-Y-62-14,1,,,,
相机,ID3000PM系列,ID3013PM系列,MV-ID3013PM-15M-WBN(国内标配)V2.0,313200857,1.3MP，14.8mm镜头，14颗白色LED，半偏镜头罩，机械调焦,,Power,0,Braket3P,1,M12A17-L,1,,,,,L-14-55,1,C-Y-62-14,1,,,,
相机,ID3000PM系列,ID3013PM系列,MV-ID3013PM-15M-WBN(国内中性)V2.0,313200856,1.3MP，14.8mm镜头，14颗白色LED，半偏镜头罩，机械调焦,,Power,0,Braket3P,1,M12A17-L,1,,,,,L-14-55,1,C-Y-62-14,1,,,,
相机,ID3000PM系列,ID3013PM-8系列,MV-ID3013PM-06M-WBN-8(国内标配)V2.0,313201861,1.3MP，6mm镜头，8颗白色LED，全透镜头罩，机械调焦,,Power,0,Braket3P,1,M12A17-L,1,,,,,L-8-55,1,C-Y-62-8,1,,,,
相机,ID3000PM系列,ID3013PM-8系列,MV-ID3013PM-06M-WBN-8(国内中性)V2.0,313201862,1.3MP，6mm镜头，8颗白色LED，全透镜头罩，机械调焦,,Power,0,Braket3P,1,M12A17-L,1,,,,,L-8-55,1,C-Y-62-8,1,,,,
相机,ID3000PM系列,ID3013PM-8系列,MV-ID3013PM-12M-WBN-8(国内标配)V2.0,313201863,1.3MP，12mm镜头，8颗白色LED，全透镜头罩，机械调焦,,Power,0,Braket3P,1,M12A17-L,1,,,,,L-8-55,1,C-Y-62-8,1,,,,
相机,ID3000PM系列,ID3013PM-8系列,MV-ID3013PM-12M-WBN-8(国内中性)V2.0,313201864,1.3MP，12mm镜头，8颗白色LED，全透镜头罩，机械调焦,,Power,0,Braket3P,1,M12A17-L,1,,,,,L-8-55,1,C-Y-62-8,1,,,,
相机,ID3000PM系列,ID3013PM-8系列,MV-ID3013PM-15M-WBN-8(国内标配)V2.0,313201865,1.3MP，14.8mm镜头，8颗白色LED，全透镜头罩，机械调焦,,Power,0,Braket3P,1,M12A17-L,1,,,,,L-8-55,1,C-Y-62-8,1,,,,
相机,ID3000PM系列,ID3013PM-8系列,MV-ID3013PM-15M-WBN-8(国内中性)V2.0,313201866,1.3MP，14.8mm镜头，8颗白色LED，全透镜头罩，机械调焦,,Power,0,Braket3P,1,M12A17-L,1,,,,,L-8-55,1,C-Y-62-8,1,,,,
相机,ID3000PM系列,ID3016PM系列,MV-ID3016PM-06M-WBN(国内标配)V2.0,313200921,1.6MP，6mm镜头，8颗白色LED，全透镜头罩，机械调焦,,Power,0,Braket3P,1,M12A17-L,1,,,,,L-8-55,1,C-Y-62-8,1,,,,
相机,ID3000PM系列,ID3016PM系列,MV-ID3016PM-06M-WBN(国内中性)V2.0,313200922,1.6MP，6mm镜头，8颗白色LED，全透镜头罩，机械调焦,,Power,0,Braket3P,1,M12A17-L,1,,,,,L-8-55,1,C-Y-62-8,1,,,,
相机,ID3000PM系列,ID3016PM系列,MV-ID3016PM-12M-WBN(国内标配)V2.0,313200924,1.6MP，12mm镜头，8颗白色LED，全透镜头罩，机械调焦,,Power,0,Braket3P,1,M12A17-L,1,,,,,L-8-55,1,C-Y-62-8,1,,,,
相机,ID3000PM系列,ID3016PM系列,MV-ID3016PM-12M-WBN(国内中性)V2.0,313200925,1.6MP，12mm镜头，8颗白色LED，全透镜头罩，机械调焦,,Power,0,Braket3P,1,M12A17-L,1,,,,,L-8-55,1,C-Y-62-8,1,,,,
相机,ID3000PM系列,ID3016PM系列,MV-ID3016PM-15M-WBN(国内标配)V2.0,313200927,1.6MP，14.8mm镜头，8颗白色LED，全透镜头罩，机械调焦,,Power,0,Braket3P,1,M12A17-L,1,,,,,L-8-55,1,C-Y-62-8,1,,,,
相机,ID3000PM系列,ID3016PM系列,MV-ID3016PM-15M-WBN(国内中性)V2.0,313200928,1.6MP，14.8mm镜头，8颗白色LED，全透镜头罩，机械调焦,,Power,0,Braket3P,1,M12A17-L,1,,,,,L-8-55,1,C-Y-62-8,1,,,,
相机,ID3000PM系列,ID3050PM系列,MV-ID3050PM-08M-WBN(国内标配)V3.0,313202173,5MP，8mm镜头，14颗白色LED，半偏镜头罩，机械调焦,,Power,0,Braket3P,1,M12A17-L,1,,,,,L-14-55,1,C-Y-62-14,1,,,,
相机,ID3000PM系列,ID3050PM系列,MV-ID3050PM-08M-WBN(国内中性)V3.0,313202298,5MP，8mm镜头，14颗白色LED，半偏镜头罩，机械调焦,,Power,0,Braket3P,1,M12A17-L,1,,,,,L-14-55,1,C-Y-62-14,1,,,,
相机,ID3000PM系列,ID3050PM系列,MV-ID3050PM-12M-WBN(国内标配)V3.0,313202172,5MP，12mm镜头，14颗白色LED，半偏镜头罩，机械调焦,,Power,0,Braket3P,1,M12A17-L,1,,,,,L-14-55,1,C-Y-62-14,1,,,,
相机,ID3000PM系列,ID3050PM系列,MV-ID3050PM-12M-WBN(国内中性)V3.0,313202300,5MP，12mm镜头，14颗白色LED，半偏镜头罩，机械调焦,,Power,0,Braket3P,1,M12A17-L,1,,,,,L-14-55,1,C-Y-62-14,1,,,,
相机,ID3000PM系列,ID3050PM系列,MV-ID3050PM-16M-WBN(国内标配)V3.0,313202171,5MP，16mm镜头，14颗白色LED，半偏镜头罩，机械调焦,,Power,0,Braket3P,1,M12A17-L,1,,,,,L-14-55,1,C-Y-62-14,1,,,,
相机,ID3000PM系列,ID3050PM系列,MV-ID3050PM-16M-WBN(国内中性)V3.0,313202301,5MP，16mm镜头，14颗白色LED，半偏镜头罩，机械调焦,,Power,0,Braket3P,1,M12A17-L,1,,,,,L-14-55,1,C-Y-62-14,1,,,,
相机,ID3000PM系列,ID3050PM系列,MV-ID3050PM-25M-WBN(国内标配)V3.0,313202174,5MP，25mm镜头，14颗白色LED，半偏镜头罩，机械调焦,,Power,0,Braket3P,1,M12A17-L,1,,,,,L-14-55,1,C-Y-62-14,1,,,,
相机,ID3000PM系列,ID3050PM系列,MV-ID3050PM-25M-WBN(国内中性)V3.0,313202304,5MP，25mm镜头，14颗白色LED，半偏镜头罩，机械调焦,,Power,0,Braket3P,1,M12A17-L,1,,,,,L-14-55,1,C-Y-62-14,1,,,,
相机,ID3000XM系列,ID3016XM系列V3.0,MV-ID3016XM-08M-RBN(国内标配)V3.0,313203100,1.6MP，8mm镜头，4颗红色LED+白色扩散光源，半偏镜头罩，机械调焦,,Power,0,Braket3X,1,,,M12A12,1,M12A8,1,L-4-X,1,C-Y-61-3,1,,,C-Y-61-M;C-Y-61-Y;C-Y-61-E;C-Y-61-D,0
相机,ID3000XM系列,ID3016XM系列V3.0,MV-ID3016XM-08M-RBN(国内中性)V3.0,313203107,1.6MP，8mm镜头，4颗红色LED+白色扩散光源，半偏镜头罩，机械调焦,,Power,0,Braket3X,1,,,M12A12,1,M12A8,1,L-4-X,1,C-Y-61-3,1,,,C-Y-61-M;C-Y-61-Y;C-Y-61-E;C-Y-61-D,0
相机,ID3000XM系列,ID3016XM系列V3.0,MV-ID3016XM-12M-RBN(国内标配)V3.0,313202943,1.6MP，12mm镜头，4颗红色LED+白色扩散光源，半偏镜头罩，机械调焦,,Power,0,Braket3X,1,,,M12A12,1,M12A8,1,L-4-X,1,C-Y-61-3,1,,,C-Y-61-M;C-Y-61-Y;C-Y-61-E;C-Y-61-D,0
相机,ID3000XM系列,ID3016XM系列V3.0,MV-ID3016XM-12M-RBN(国内中性)V3.0,313203110,1.6MP，12mm镜头，4颗红色LED+白色扩散光源，半偏镜头罩，机械调焦,,Power,0,Braket3X,1,,,M12A12,1,M12A8,1,L-4-X,1,C-Y-61-3,1,,,C-Y-61-M;C-Y-61-Y;C-Y-61-E;C-Y-61-D,0
相机,ID3000XM系列,ID3016XM系列V3.0,MV-ID3016XM-16M-RBN(国内标配)V3.0,313203112,1.6MP，16mm镜头，4颗红色LED+白色扩散光源，半偏镜头罩，机械调焦,,Power,0,Braket3X,1,,,M12A12,1,M12A8,1,L-4-X,1,C-Y-61-3,1,,,C-Y-61-M;C-Y-61-Y;C-Y-61-E;C-Y-61-D,0
相机,ID3000XM系列,ID3016XM系列V3.0,MV-ID3016XM-16M-RBN(国内中性)V3.0,313203113,1.6MP，16mm镜头，4颗红色LED+白色扩散光源，半偏镜头罩，机械调焦,,Power,0,Braket3X,1,,,M12A12,1,M12A8,1,L-4-X,1,C-Y-61-3,1,,,C-Y-61-M;C-Y-61-Y;C-Y-61-E;C-Y-61-D,0
相机,ID3000XM系列,ID3016XM系列V3.0,MV-ID3016XM-25M-RBN(国内标配)V3.0,313203115,1.6MP，25mm镜头，4颗红色LED+白色扩散光源，半偏镜头罩，机械调焦,,Power,0,Braket3X,1,,,M12A12,1,M12A8,1,L-4-X,1,C-Y-61-3,1,,,C-Y-61-M;C-Y-61-Y;C-Y-61-E;C-Y-61-D,0
相机,ID3000XM系列,ID3016XM系列V3.0,MV-ID3016XM-25M-RBN(国内中性)V3.0,313203116,1.6MP，25mm镜头，4颗红色LED+白色扩散光源，半偏镜头罩，机械调焦,,Power,0,Braket3X,1,,,M12A12,1,M12A8,1,L-4-X,1,C-Y-61-3,1,,,C-Y-61-M;C-Y-61-Y;C-Y-61-E;C-Y-61-D,0
相机,ID3000XM系列,ID3016XM系列V3.0,MV-ID3016XM-08L-RBN(国内标配)V3.0,313203103,1.6MP，8mm镜头，4颗红色LED+白色扩散光源，半偏镜头罩，液态调焦,,Power,0,Braket3X,1,,,M12A12,1,M12A8,1,LT-4-X,1,C-Y-61-3,1,,,C-Y-61-M;C-Y-61-Y;C-Y-61-E;C-Y-61-D,0
相机,ID3000XM系列,ID3016XM系列V3.0,MV-ID3016XM-08L-RBN(国内中性)V3.0,313203139,1.6MP，8mm镜头，4颗红色LED+白色扩散光源，半偏镜头罩，液态调焦,,Power,0,Braket3X,1,,,M12A12,1,M12A8,1,LT-4-X,1,C-Y-61-3,1,,,C-Y-61-M;C-Y-61-Y;C-Y-61-E;C-Y-61-D,0
相机,ID3000XM系列,ID3016XM系列V3.0,MV-ID3016XM-12L-RBN(国内标配)V3.0,313203140,1.6MP，12mm镜头，4颗红色LED+白色扩散光源，半偏镜头罩，液态调焦,,Power,0,Braket3X,1,,,M12A12,1,M12A8,1,LT-4-X,1,C-Y-61-3,1,,,C-Y-61-M;C-Y-61-Y;C-Y-61-E;C-Y-61-D,0
相机,ID3000XM系列,ID3016XM系列V3.0,MV-ID3016XM-12L-RBN(国内中性)V3.0,313203142,1.6MP，12mm镜头，4颗红色LED+白色扩散光源，半偏镜头罩，液态调焦,,Power,0,Braket3X,1,,,M12A12,1,M12A8,1,LT-4-X,1,C-Y-61-3,1,,,C-Y-61-M;C-Y-61-Y;C-Y-61-E;C-Y-61-D,0
相机,ID3000XM系列,ID3016XM系列V3.0,MV-ID3016XM-16L-RBN(国内标配)V3.0,313202942,1.6MP，16mm镜头，4颗红色LED+白色扩散光源，半偏镜头罩，液态调焦,,Power,0,Braket3X,1,,,M12A12,1,M12A8,1,LT-4-X,1,C-Y-61-3,1,,,C-Y-61-M;C-Y-61-Y;C-Y-61-E;C-Y-61-D,0
相机,ID3000XM系列,ID3016XM系列V3.0,MV-ID3016XM-16L-RBN(国内中性)V3.0,313203144,1.6MP，16mm镜头，4颗红色LED+白色扩散光源，半偏镜头罩，液态调焦,,Power,0,Braket3X,1,,,M12A12,1,M12A8,1,LT-4-X,1,C-Y-61-3,1,,,C-Y-61-M;C-Y-61-Y;C-Y-61-E;C-Y-61-D,0
相机,ID3000XM系列,ID3016XM系列V2.0,MV-ID3016XM-08M-RBN(国内标配)V2.0,313201823,1.4MP，8mm镜头，4颗红色LED+白色扩散光源，半偏镜头罩，机械调焦,,Power,0,Braket3X,1,,,M12A12,1,M12A8,1,L-4-X,1,C-Y-61-X,1,,,C-Y-61-M;C-Y-61-Y;C-Y-61-E;C-Y-61-D,0
相机,ID3000XM系列,ID3016XM系列V2.0,MV-ID3016XM-08M-RBN(国内中性)V2.0,313201822,1.4MP，8mm镜头，4颗红色LED+白色扩散光源，半偏镜头罩，机械调焦,,Power,0,Braket3X,1,,,M12A12,1,M12A8,1,L-4-X,1,C-Y-61-X,1,,,C-Y-61-M;C-Y-61-Y;C-Y-61-E;C-Y-61-D,0
相机,ID3000XM系列,ID3016XM系列V2.0,MV-ID3016XM-12M-RBN(国内标配)V2.0,313201817,1.4MP，12mm镜头，4颗红色LED+白色扩散光源，半偏镜头罩，机械调焦,,Power,0,Braket3X,1,,,M12A12,1,M12A8,1,L-4-X,1,C-Y-61-X,1,,,C-Y-61-M;C-Y-61-Y;C-Y-61-E;C-Y-61-D,0
相机,ID3000XM系列,ID3016XM系列V2.0,MV-ID3016XM-12M-RBN(国内中性)V2.0,313201816,1.4MP，12mm镜头，4颗红色LED+白色扩散光源，半偏镜头罩，机械调焦,,Power,0,Braket3X,1,,,M12A12,1,M12A8,1,L-4-X,1,C-Y-61-X,1,,,C-Y-61-M;C-Y-61-Y;C-Y-61-E;C-Y-61-D,0
相机,ID3000XM系列,ID3016XM系列V2.0,MV-ID3016XM-16L-RBN(国内标配)V2.0,313201826,1.4MP，16mm镜头，4颗红色LED+白色扩散光源，半偏镜头罩，液态调焦,,Power,0,Braket3X,1,,,M12A12,1,M12A8,1,LT-4-X,1,C-Y-61-X,1,,,C-Y-61-M;C-Y-61-Y;C-Y-61-E;C-Y-61-D,0
相机,ID3000XM系列,ID3016XM系列V2.0,MV-ID3016XM-16L-RBN(国内中性)V2.0,313201825,1.4MP，16mm镜头，4颗红色LED+白色扩散光源，半偏镜头罩，液态调焦,,Power,0,Braket3X,1,,,M12A12,1,M12A8,1,LT-4-X,1,C-Y-61-X,1,,,C-Y-61-M;C-Y-61-Y;C-Y-61-E;C-Y-61-D,0
相机,ID3000XM系列,ID3016XM系列V2.0,MV-ID3016XM-25M-RBN(国内标配)V2.0,313201820,1.4MP，25mm镜头，4颗红色LED+白色扩散光源，半偏镜头罩，机械调焦,,Power,0,Braket3X,1,,,M12A12,1,M12A8,1,L-4-X,1,C-Y-61-X,1,,,C-Y-61-M;C-Y-61-Y;C-Y-61-E;C-Y-61-D,0
相机,ID3000XM系列,ID3016XM系列V2.0,MV-ID3016XM-25M-RBN(国内中性)V2.0,313201819,1.4MP，25mm镜头，4颗红色LED+白色扩散光源，半偏镜头罩，机械调焦,,Power,0,Braket3X,1,,,M12A12,1,M12A8,1,L-4-X,1,C-Y-61-X,1,,,C-Y-61-M;C-Y-61-Y;C-Y-61-E;C-Y-61-D,0
相机,ID3000XM系列,ID3030XM系列V3.0,MV-ID3030XM-08M-RBN(国内标配)V3.0,313203117,3.1MP，8mm镜头，4颗红色LED+白色扩散光源，半偏镜头罩，机械调焦,,Power,0,Braket3X,1,,,M12A12,1,M12A8,1,L-4-X,1,C-Y-61-3,1,,,C-Y-61-M;C-Y-61-Y;C-Y-61-E;C-Y-61-D,0
相机,ID3000XM系列,ID3030XM系列V3.0,MV-ID3030XM-08M-RBN(国内中性)V3.0,313203118,3.1MP，8mm镜头，4颗红色LED+白色扩散光源，半偏镜头罩，机械调焦,,Power,0,Braket3X,1,,,M12A12,1,M12A8,1,L-4-X,1,C-Y-61-3,1,,,C-Y-61-M;C-Y-61-Y;C-Y-61-E;C-Y-61-D,0
相机,ID3000XM系列,ID3030XM系列V3.0,MV-ID3030XM-12M-RBN(国内标配)V3.0,313202947,3.1MP，12mm镜头，4颗红色LED+白色扩散光源，半偏镜头罩，机械调焦,,Power,0,Braket3X,1,,,M12A12,1,M12A8,1,L-4-X,1,C-Y-61-3,1,,,C-Y-61-M;C-Y-61-Y;C-Y-61-E;C-Y-61-D,0
相机,ID3000XM系列,ID3030XM系列V3.0,MV-ID3030XM-12M-RBN(国内中性)V3.0,313203121,3.1MP，12mm镜头，4颗红色LED+白色扩散光源，半偏镜头罩，机械调焦,,Power,0,Braket3X,1,,,M12A12,1,M12A8,1,L-4-X,1,C-Y-61-3,1,,,C-Y-61-M;C-Y-61-Y;C-Y-61-E;C-Y-61-D,0
相机,ID3000XM系列,ID3030XM系列V3.0,MV-ID3030XM-16M-RBN(国内标配)V3.0,313203123,3.1MP，16mm镜头，4颗红色LED+白色扩散光源，半偏镜头罩，机械调焦,,Power,0,Braket3X,1,,,M12A12,1,M12A8,1,L-4-X,1,C-Y-61-3,1,,,C-Y-61-M;C-Y-61-Y;C-Y-61-E;C-Y-61-D,0
相机,ID3000XM系列,ID3030XM系列V3.0,MV-ID3030XM-16M-RBN(国内中性)V3.0,313203124,3.1MP，16mm镜头，4颗红色LED+白色扩散光源，半偏镜头罩，机械调焦,,Power,0,Braket3X,1,,,M12A12,1,M12A8,1,L-4-X,1,C-Y-61-3,1,,,C-Y-61-M;C-Y-61-Y;C-Y-61-E;C-Y-61-D,0
相机,ID3000XM系列,ID3030XM系列V3.0,MV-ID3030XM-25M-RBN(国内标配)V3.0,313203126,3.1MP，25mm镜头，4颗红色LED+白色扩散光源，半偏镜头罩，机械调焦,,Power,0,Braket3X,1,,,M12A12,1,M12A8,1,L-4-X,1,C-Y-61-3,1,,,C-Y-61-M;C-Y-61-Y;C-Y-61-E;C-Y-61-D,0
相机,ID3000XM系列,ID3030XM系列V3.0,MV-ID3030XM-25M-RBN(国内中性)V3.0,313203127,3.1MP，25mm镜头，4颗红色LED+白色扩散光源，半偏镜头罩，机械调焦,,Power,0,Braket3X,1,,,M12A12,1,M12A8,1,L-4-X,1,C-Y-61-3,1,,,C-Y-61-M;C-Y-61-Y;C-Y-61-E;C-Y-61-D,0
相机,ID3000XM系列,ID3030XM系列V3.0,MV-ID3030XM-08L-RBN(国内标配)V3.0,313203106,3.1MP，8mm镜头，4颗红色LED+白色扩散光源，半偏镜头罩，液态调焦,,Power,0,Braket3X,1,,,M12A12,1,M12A8,1,LT-4-X,1,C-Y-61-3,1,,,C-Y-61-M;C-Y-61-Y;C-Y-61-E;C-Y-61-D,0
相机,ID3000XM系列,ID3030XM系列V3.0,MV-ID3030XM-08L-RBN(国内中性)V3.0,313203153,3.1MP，8mm镜头，4颗红色LED+白色扩散光源，半偏镜头罩，液态调焦,,Power,0,Braket3X,1,,,M12A12,1,M12A8,1,LT-4-X,1,C-Y-61-3,1,,,C-Y-61-M;C-Y-61-Y;C-Y-61-E;C-Y-61-D,0
相机,ID3000XM系列,ID3030XM系列V3.0,MV-ID3030XM-12L-RBN(国内标配)V3.0,313203154,3.1MP，16mm镜头，4颗红色LED+白色扩散光源，半偏镜头罩，液态调焦,,Power,0,Braket3X,1,,,M12A12,1,M12A8,1,LT-4-X,1,C-Y-61-3,1,,,C-Y-61-M;C-Y-61-Y;C-Y-61-E;C-Y-61-D,0
相机,ID3000XM系列,ID3030XM系列V3.0,MV-ID3030XM-12L-RBN(国内中性)V3.0,313203156,3.1MP，16mm镜头，4颗红色LED+白色扩散光源，半偏镜头罩，液态调焦,,Power,0,Braket3X,1,,,M12A12,1,M12A8,1,LT-4-X,1,C-Y-61-3,1,,,C-Y-61-M;C-Y-61-Y;C-Y-61-E;C-Y-61-D,0
相机,ID3000XM系列,ID3030XM系列V3.0,MV-ID3030XM-16L-RBN(国内标配)V3.0,313202946,3.1MP，25mm镜头，4颗红色LED+白色扩散光源，半偏镜头罩，液态调焦,,Power,0,Braket3X,1,,,M12A12,1,M12A8,1,LT-4-X,1,C-Y-61-3,1,,,C-Y-61-M;C-Y-61-Y;C-Y-61-E;C-Y-61-D,0
相机,ID3000XM系列,ID3030XM系列V3.0,MV-ID3030XM-16L-RBN(国内中性)V3.0,313203158,3.1MP，25mm镜头，4颗红色LED+白色扩散光源，半偏镜头罩，液态调焦,,Power,0,Braket3X,1,,,M12A12,1,M12A8,1,LT-4-X,1,C-Y-61-3,1,,,C-Y-61-M;C-Y-61-Y;C-Y-61-E;C-Y-61-D,0
相机,ID3000XM系列,ID3030XM系列,MV-ID3030XM-08M-RBN(国内标配),313201358,3.1MP，8mm镜头，4颗红色LED+白色扩散光源，半偏镜头罩，机械调焦,,Power,0,Braket3X,1,,,M12A12,1,M12A8,1,L-4-X,1,C-Y-61-X,1,,,C-Y-61-M;C-Y-61-Y;C-Y-61-E;C-Y-61-D,0
相机,ID3000XM系列,ID3030XM系列,MV-ID3030XM-08M-RBN(国内中性),313201383,3.1MP，8mm镜头，4颗红色LED+白色扩散光源，半偏镜头罩，机械调焦,,Power,0,Braket3X,1,,,M12A12,1,M12A8,1,L-4-X,1,C-Y-61-X,1,,,C-Y-61-M;C-Y-61-Y;C-Y-61-E;C-Y-61-D,0
相机,ID3000XM系列,ID3030XM系列,MV-ID3030XM-12M-RBN(国内标配),313201359,3.1MP，12mm镜头，4颗红色LED+白色扩散光源，半偏镜头罩，机械调焦,,Power,0,Braket3X,1,,,M12A12,1,M12A8,1,L-4-X,1,C-Y-61-X,1,,,C-Y-61-M;C-Y-61-Y;C-Y-61-E;C-Y-61-D,0
相机,ID3000XM系列,ID3030XM系列,MV-ID3030XM-12M-RBN(国内中性),313201384,3.1MP，12mm镜头，4颗红色LED+白色扩散光源，半偏镜头罩，机械调焦,,Power,0,Braket3X,1,,,M12A12,1,M12A8,1,L-4-X,1,C-Y-61-X,1,,,C-Y-61-M;C-Y-61-Y;C-Y-61-E;C-Y-61-D,0
相机,ID3000XM系列,ID3030XM系列,MV-ID3030XM-16L-RBN(国内标配),313201367,3.1MP，16mm镜头，4颗红色LED+白色扩散光源，半偏镜头罩，液态调焦,,Power,0,Braket3X,1,,,M12A12,1,M12A8,1,LT-4-X,1,C-Y-61-X,1,,,C-Y-61-M;C-Y-61-Y;C-Y-61-E;C-Y-61-D,0
相机,ID3000XM系列,ID3030XM系列,MV-ID3030XM-16L-RBN(国内中性),313201369,3.1MP，16mm镜头，4颗红色LED+白色扩散光源，半偏镜头罩，液态调焦,,Power,0,Braket3X,1,,,M12A12,1,M12A8,1,LT-4-X,1,C-Y-61-X,1,,,C-Y-61-M;C-Y-61-Y;C-Y-61-E;C-Y-61-D,0
相机,ID3000XM系列,ID3030XM系列,MV-ID3030XM-25M-RBN(国内标配),313201325,3.1MP，25mm镜头，4颗红色LED+白色扩散光源，半偏镜头罩，机械调焦,,Power,0,Braket3X,1,,,M12A12,1,M12A8,1,L-4-X,1,C-Y-61-X,1,,,C-Y-61-M;C-Y-61-Y;C-Y-61-E;C-Y-61-D,0
相机,ID3000XM系列,ID3030XM系列,MV-ID3030XM-25M-RBN(国内中性),313201380,3.1MP，25mm镜头，4颗红色LED+白色扩散光源，半偏镜头罩，机械调焦,,Power,0,Braket3X,1,,,M12A12,1,M12A8,1,L-4-X,1,C-Y-61-X,1,,,C-Y-61-M;C-Y-61-Y;C-Y-61-E;C-Y-61-D,0
相机,ID3000XM系列,ID3050XM系列V3.0,MV-ID3050XM-08M-RBN(国内标配)V3.0,313203102,5MP，8mm镜头，4颗红色LED+白色扩散光源，半偏镜头罩，机械调焦,,Power,0,Braket3X,1,,,M12A12,1,M12A8,1,L-4-X,1,C-Y-61-3,1,,,C-Y-61-M;C-Y-61-Y;C-Y-61-E;C-Y-61-D,0
相机,ID3000XM系列,ID3050XM系列V3.0,MV-ID3050XM-08M-RBN(国内中性)V3.0,313203128,5MP，8mm镜头，4颗红色LED+白色扩散光源，半偏镜头罩，机械调焦,,Power,0,Braket3X,1,,,M12A12,1,M12A8,1,L-4-X,1,C-Y-61-3,1,,,C-Y-61-M;C-Y-61-Y;C-Y-61-E;C-Y-61-D,0
相机,ID3000XM系列,ID3050XM系列V3.0,MV-ID3050XM-12M-RBN(国内标配)V3.0,313202944,5MP，12mm镜头，4颗红色LED+白色扩散光源，半偏镜头罩，机械调焦,,Power,0,Braket3X,1,,,M12A12,1,M12A8,1,L-4-X,1,C-Y-61-3,1,,,C-Y-61-M;C-Y-61-Y;C-Y-61-E;C-Y-61-D,0
相机,ID3000XM系列,ID3050XM系列V3.0,MV-ID3050XM-12M-RBN(国内中性)V3.0,313203131,5MP，12mm镜头，4颗红色LED+白色扩散光源，半偏镜头罩，机械调焦,,Power,0,Braket3X,1,,,M12A12,1,M12A8,1,L-4-X,1,C-Y-61-3,1,,,C-Y-61-M;C-Y-61-Y;C-Y-61-E;C-Y-61-D,0
相机,ID3000XM系列,ID3050XM系列V3.0,MV-ID3050XM-16M-RBN(国内标配)V3.0,313203133,5MP，16mm镜头，4颗红色LED+白色扩散光源，半偏镜头罩，机械调焦,,Power,0,Braket3X,1,,,M12A12,1,M12A8,1,L-4-X,1,C-Y-61-3,1,,,C-Y-61-M;C-Y-61-Y;C-Y-61-E;C-Y-61-D,0
相机,ID3000XM系列,ID3050XM系列V3.0,MV-ID3050XM-16M-RBN(国内中性)V3.0,313203134,5MP，16mm镜头，4颗红色LED+白色扩散光源，半偏镜头罩，机械调焦,,Power,0,Braket3X,1,,,M12A12,1,M12A8,1,L-4-X,1,C-Y-61-3,1,,,C-Y-61-M;C-Y-61-Y;C-Y-61-E;C-Y-61-D,0
相机,ID3000XM系列,ID3050XM系列V3.0,MV-ID3050XM-25M-RBN(国内标配)V3.0,313203136,5MP，25mm镜头，4颗红色LED+白色扩散光源，半偏镜头罩，机械调焦,,Power,0,Braket3X,1,,,M12A12,1,M12A8,1,L-4-X,1,C-Y-61-3,1,,,C-Y-61-M;C-Y-61-Y;C-Y-61-E;C-Y-61-D,0
相机,ID3000XM系列,ID3050XM系列V3.0,MV-ID3050XM-25M-RBN(国内中性)V3.0,313203137,5MP，25mm镜头，4颗红色LED+白色扩散光源，半偏镜头罩，机械调焦,,Power,0,Braket3X,1,,,M12A12,1,M12A8,1,L-4-X,1,C-Y-61-3,1,,,C-Y-61-M;C-Y-61-Y;C-Y-61-E;C-Y-61-D,0
相机,ID3000XM系列,ID3050XM系列V3.0,MV-ID3050XM-08L-RBN(国内标配)V3.0,313203105,5MP，8mm镜头，4颗红色LED+白色扩散光源，半偏镜头罩，液态调焦,,Power,0,Braket3X,1,,,M12A12,1,M12A8,1,LT-4-X,1,C-Y-61-3,1,,,C-Y-61-M;C-Y-61-Y;C-Y-61-E;C-Y-61-D,0
相机,ID3000XM系列,ID3050XM系列V3.0,MV-ID3050XM-08L-RBN(国内中性)V3.0,313203146,5MP，8mm镜头，4颗红色LED+白色扩散光源，半偏镜头罩，液态调焦,,Power,0,Braket3X,1,,,M12A12,1,M12A8,1,LT-4-X,1,C-Y-61-3,1,,,C-Y-61-M;C-Y-61-Y;C-Y-61-E;C-Y-61-D,0
相机,ID3000XM系列,ID3050XM系列V3.0,MV-ID3050XM-12L-RBN(国内标配)V3.0,313203147,5MP，16mm镜头，4颗红色LED+白色扩散光源，半偏镜头罩，液态调焦,,Power,0,Braket3X,1,,,M12A12,1,M12A8,1,LT-4-X,1,C-Y-61-3,1,,,C-Y-61-M;C-Y-61-Y;C-Y-61-E;C-Y-61-D,0
相机,ID3000XM系列,ID3050XM系列V3.0,MV-ID3050XM-12L-RBN(国内中性)V3.0,313203149,5MP，16mm镜头，4颗红色LED+白色扩散光源，半偏镜头罩，液态调焦,,Power,0,Braket3X,1,,,M12A12,1,M12A8,1,LT-4-X,1,C-Y-61-3,1,,,C-Y-61-M;C-Y-61-Y;C-Y-61-E;C-Y-61-D,0
相机,ID3000XM系列,ID3050XM系列V3.0,MV-ID3050XM-16L-RBN(国内标配)V3.0,313202945,5MP，25mm镜头，4颗红色LED+白色扩散光源，半偏镜头罩，液态调焦,,Power,0,Braket3X,1,,,M12A12,1,M12A8,1,LT-4-X,1,C-Y-61-3,1,,,C-Y-61-M;C-Y-61-Y;C-Y-61-E;C-Y-61-D,0
相机,ID3000XM系列,ID3050XM系列V3.0,MV-ID3050XM-16L-RBN(国内中性)V3.0,313203151,5MP，25mm镜头，4颗红色LED+白色扩散光源，半偏镜头罩，液态调焦,,Power,0,Braket3X,1,,,M12A12,1,M12A8,1,LT-4-X,1,C-Y-61-3,1,,,C-Y-61-M;C-Y-61-Y;C-Y-61-E;C-Y-61-D,0
相机,ID3000XM系列,ID3050XM系列,MV-ID3050XM-08M-RBN(国内标配),313201527,5MP，8mm镜头，4颗红色LED+白色扩散光源，半偏镜头罩，机械调焦,,Power,0,Braket3X,1,,,M12A12,1,M12A8,1,L-4-X,1,C-Y-61-X,1,,,C-Y-61-M;C-Y-61-Y;C-Y-61-E;C-Y-61-D,0
相机,ID3000XM系列,ID3050XM系列,MV-ID3050XM-08M-RBN(国内中性),313201526,5MP，8mm镜头，4颗红色LED+白色扩散光源，半偏镜头罩，机械调焦,,Power,0,Braket3X,1,,,M12A12,1,M12A8,1,L-4-X,1,C-Y-61-X,1,,,C-Y-61-M;C-Y-61-Y;C-Y-61-E;C-Y-61-D,0
相机,ID3000XM系列,ID3050XM系列,MV-ID3050XM-12M-RBN(国内标配),313201530,5MP，12mm镜头，4颗红色LED+白色扩散光源，半偏镜头罩，机械调焦,,Power,0,Braket3X,1,,,M12A12,1,M12A8,1,L-4-X,1,C-Y-61-X,1,,,C-Y-61-M;C-Y-61-Y;C-Y-61-E;C-Y-61-D,0
相机,ID3000XM系列,ID3050XM系列,MV-ID3050XM-12M-RBN(国内中性),313201529,5MP，12mm镜头，4颗红色LED+白色扩散光源，半偏镜头罩，机械调焦,,Power,0,Braket3X,1,,,M12A12,1,M12A8,1,L-4-X,1,C-Y-61-X,1,,,C-Y-61-M;C-Y-61-Y;C-Y-61-E;C-Y-61-D,0
相机,ID3000XM系列,ID3050XM系列,MV-ID3050XM-16L-RBN(国内标配),313201536,5MP，16mm镜头，4颗红色LED+白色扩散光源，半偏镜头罩，液态调焦,,Power,0,Braket3X,1,,,M12A12,1,M12A8,1,LT-4-X,1,C-Y-61-X,1,,,C-Y-61-M;C-Y-61-Y;C-Y-61-E;C-Y-61-D,0
相机,ID3000XM系列,ID3050XM系列,MV-ID3050XM-16L-RBN(国内中性),313201537,5MP，16mm镜头，4颗红色LED+白色扩散光源，半偏镜头罩，液态调焦,,Power,0,Braket3X,1,,,M12A12,1,M12A8,1,LT-4-X,1,C-Y-61-X,1,,,C-Y-61-M;C-Y-61-Y;C-Y-61-E;C-Y-61-D,0
相机,ID3000XM系列,ID3050XM系列,MV-ID3050XM-25M-RBN(国内标配),313201533,5MP，25mm镜头，4颗红色LED+白色扩散光源，半偏镜头罩，机械调焦,,Power,0,Braket3X,1,,,M12A12,1,M12A8,1,L-4-X,1,C-Y-61-X,1,,,C-Y-61-M;C-Y-61-Y;C-Y-61-E;C-Y-61-D,0
相机,ID3000XM系列,ID3050XM系列,MV-ID3050XM-25M-RBN(国内中性),313201532,5MP，25mm镜头，4颗红色LED+白色扩散光源，半偏镜头罩，机械调焦,,Power,0,Braket3X,1,,,M12A12,1,M12A8,1,L-4-X,1,C-Y-61-X,1,,,C-Y-61-M;C-Y-61-Y;C-Y-61-E;C-Y-61-D,0
相机,ID3000XM系列,ID3040RM系列,MV-ID3040RM-08M-RBN(国内标配),313202816,4MP，8mm镜头，4颗红色LED，半偏镜头罩，机械调焦,,Power,0,Braket3X,1,,,M12A12,0,M12A8,0,L-4-R,1,C-Y-61-R,1,,,C-Y-61-M;C-Y-61-Y;C-Y-61-E;C-Y-61-D,0
相机,ID3000XM系列,ID3040RM系列,MV-ID3040RM-08M-RBN(国内中性),313202819,4MP，8mm镜头，4颗红色LED，半偏镜头罩，机械调焦,,Power,0,Braket3X,1,,,M12A12,0,M12A8,0,L-4-R,1,C-Y-61-R,1,,,C-Y-61-M;C-Y-61-Y;C-Y-61-E;C-Y-61-D,0
相机,ID3000XM系列,ID3040RM系列,MV-ID3040RM-12M-RBN(国内标配),313202564,4MP，12mm镜头，4颗红色LED，半偏镜头罩，机械调焦,,Power,0,Braket3X,1,,,M12A12,0,M12A8,0,L-4-R,1,C-Y-61-R,1,,,C-Y-61-M;C-Y-61-Y;C-Y-61-E;C-Y-61-D,0
相机,ID3000XM系列,ID3040RM系列,MV-ID3040RM-12M-RBN(国内中性),313202565,4MP，12mm镜头，4颗红色LED，半偏镜头罩，机械调焦,,Power,0,Braket3X,1,,,M12A12,0,M12A8,0,L-4-R,1,C-Y-61-R,1,,,C-Y-61-M;C-Y-61-Y;C-Y-61-E;C-Y-61-D,0
相机,ID3000XM系列,ID3040RM系列,MV-ID3040RM-16M-RBN(国内标配),313202817,4MP，16mm镜头，4颗红色LED，半偏镜头罩，机械调焦,,Power,0,Braket3X,1,,,M12A12,0,M12A8,0,L-4-R,1,C-Y-61-R,1,,,C-Y-61-M;C-Y-61-Y;C-Y-61-E;C-Y-61-D,0
相机,ID3000XM系列,ID3040RM系列,MV-ID3040RM-16M-RBN(国内中性),313202820,4MP，16mm镜头，4颗红色LED，半偏镜头罩，机械调焦,,Power,0,Braket3X,1,,,M12A12,0,M12A8,0,L-4-R,1,C-Y-61-R,1,,,C-Y-61-M;C-Y-61-Y;C-Y-61-E;C-Y-61-D,0
相机,ID3000XM系列,ID3040RM系列,MV-ID3040RM-25M-RBN(国内标配),313202818,4MP，25mm镜头，4颗红色LED，半偏镜头罩，机械调焦,,Power,0,Braket3X,1,,,M12A12,0,M12A8,0,L-4-R,1,C-Y-61-R,1,,,C-Y-61-M;C-Y-61-Y;C-Y-61-E;C-Y-61-D,0
相机,ID3000XM系列,ID3040RM系列,MV-ID3040RM-25M-RBN(国内中性),313202821,4MP，25mm镜头，4颗红色LED，半偏镜头罩，机械调焦,,Power,0,Braket3X,1,,,M12A12,0,M12A8,0,L-4-R,1,C-Y-61-R,1,,,C-Y-61-M;C-Y-61-Y;C-Y-61-E;C-Y-61-D,0
相机,ID3000XM系列,ID3040RM系列,MV-ID3040RM-00C-NNN(国内标配),313202863,4MP，卷帘快门，无镜头，无自带光源,,Power,0,Braket3X,1,,,M12A12,0,M12A8,0,,,,,MF,0,,
相机,ID3000XM系列,ID3040RM系列,MV-ID3040RM-00C-NNN(国内中性)),313203012,4MP，卷帘快门，无镜头，无自带光源,,Power,0,Braket3X,1,,,M12A12,0,M12A8,0,,,,,MF,0,,
相机,ID3000XM系列,ID3060RM系列,MV-ID3060RM-08M-RBN(国内标配),313202810,6MP，8mm镜头，4颗红色LED，半偏镜头罩，机械调焦,,Power,0,Braket3X,1,,,M12A12,0,M12A8,0,L-4-R,1,C-Y-61-R,1,,,C-Y-61-M;C-Y-61-Y;C-Y-61-E;C-Y-61-D,0
相机,ID3000XM系列,ID3060RM系列,MV-ID3060RM-08M-RBN(国内中性),313202813,6MP，8mm镜头，4颗红色LED，半偏镜头罩，机械调焦,,Power,0,Braket3X,1,,,M12A12,0,M12A8,0,L-4-R,1,C-Y-61-R,1,,,C-Y-61-M;C-Y-61-Y;C-Y-61-E;C-Y-61-D,0
相机,ID3000XM系列,ID3060RM系列,MV-ID3060RM-12M-RBN(国内标配),313202530,6MP，12mm镜头，4颗红色LED，半偏镜头罩，机械调焦,,Power,0,Braket3X,1,,,M12A12,0,M12A8,0,L-4-R,1,C-Y-61-R,1,,,C-Y-61-M;C-Y-61-Y;C-Y-61-E;C-Y-61-D,0
相机,ID3000XM系列,ID3060RM系列,MV-ID3060RM-12M-RBN(国内中性),313202540,6MP，12mm镜头，4颗红色LED，半偏镜头罩，机械调焦,,Power,0,Braket3X,1,,,M12A12,0,M12A8,0,L-4-R,1,C-Y-61-R,1,,,C-Y-61-M;C-Y-61-Y;C-Y-61-E;C-Y-61-D,0
相机,ID3000XM系列,ID3060RM系列,MV-ID3060RM-16M-RBN(国内标配),313202811,6MP，16mm镜头，4颗红色LED，半偏镜头罩，机械调焦,,Power,0,Braket3X,1,,,M12A12,0,M12A8,0,L-4-R,1,C-Y-61-R,1,,,C-Y-61-M;C-Y-61-Y;C-Y-61-E;C-Y-61-D,0
相机,ID3000XM系列,ID3060RM系列,MV-ID3060RM-16M-RBN(国内中性),313202814,6MP，16mm镜头，4颗红色LED，半偏镜头罩，机械调焦,,Power,0,Braket3X,1,,,M12A12,0,M12A8,0,L-4-R,1,C-Y-61-R,1,,,C-Y-61-M;C-Y-61-Y;C-Y-61-E;C-Y-61-D,0
相机,ID3000XM系列,ID3060RM系列,MV-ID3060RM-25M-RBN(国内标配),313202812,6MP，25mm镜头，4颗红色LED，半偏镜头罩，机械调焦,,Power,0,Braket3X,1,,,M12A12,0,M12A8,0,L-4-R,1,C-Y-61-R,1,,,C-Y-61-M;C-Y-61-Y;C-Y-61-E;C-Y-61-D,0
相机,ID3000XM系列,ID3060RM系列,MV-ID3060RM-25M-RBN(国内中性),313202815,6MP，25mm镜头，4颗红色LED，半偏镜头罩，机械调焦,,Power,0,Braket3X,1,,,M12A12,0,M12A8,0,L-4-R,1,C-Y-61-R,1,,,C-Y-61-M;C-Y-61-Y;C-Y-61-E;C-Y-61-D,0
相机,ID3000XM系列,ID3060RM系列,MV-ID3060RM-00C-NNN(国内标配),313202862,6MP，卷帘快门，无镜头，无自带光源,,Power,0,Braket3X,1,,,M12A12,0,M12A8,0,,,,,MF,0,LB-270,
相机,ID3000XM系列,ID3060RM系列,MV-ID3060RM-00C-NNN(国内中性),313203010,6MP，卷帘快门，无镜头，无自带光源,,Power,0,Braket3X,1,,,M12A12,0,M12A8,0,,,,,MF,0,LB-270,
相机,ID5000M系列,ID5050M系列V2.0,MV-ID5050M-08S-WBN(国内标配)V2.0,313201031,5MP，8mm镜头，14颗白色LED，半偏镜头罩，机械调焦,,Power,0,Braket5M,0,,,M12A12,1,M12A8,1,L-14-55,1,C-Y-62-14,1,,,,
相机,ID5000M系列,ID5050M系列V2.0,MV-ID5050M-08S-WBN(国内中性)V2.0,313201030,5MP，8mm镜头，14颗白色LED，半偏镜头罩，机械调焦,,Power,0,Braket5M,0,,,M12A12,1,M12A8,1,L-14-55,1,C-Y-62-14,1,,,,
相机,ID5000M系列,ID5050M系列V2.0,MV-ID5050M-12S-WBN(国内标配)V2.0,313201034,5MP，12mm镜头，14颗白色LED，半偏镜头罩，机械调焦,,Power,0,Braket5M,0,,,M12A12,1,M12A8,1,L-14-55,1,C-Y-62-14,1,,,,
相机,ID5000M系列,ID5050M系列V2.0,MV-ID5050M-12S-WBN(国内中性)V2.0,313201033,5MP，12mm镜头，14颗白色LED，半偏镜头罩，机械调焦,,Power,0,Braket5M,0,,,M12A12,1,M12A8,1,L-14-55,1,C-Y-62-14,1,,,,
相机,ID5000M系列,ID5050M系列V2.0,MV-ID5050M-16S-WBN(国内标配)V2.0,313201037,5MP，16mm镜头，14颗白色LED，半偏镜头罩，机械调焦,,Power,0,Braket5M,0,,,M12A12,1,M12A8,1,L-14-55,1,C-Y-62-14,1,,,,
相机,ID5000M系列,ID5050M系列V2.0,MV-ID5050M-16S-WBN(国内中性)V2.0,313201036,5MP，16mm镜头，14颗白色LED，半偏镜头罩，机械调焦,,Power,0,Braket5M,0,,,M12A12,1,M12A8,1,L-14-55,1,C-Y-62-14,1,,,,
相机,ID5000M系列,ID5050M系列V2.0,MV-ID5050M-25S-WBN(国内标配)V2.0,313201040,5MP，25mm镜头，14颗白色LED，半偏镜头罩，机械调焦,,Power,0,Braket5M,0,,,M12A12,1,M12A8,1,L-14-55,1,C-Y-62-14,1,,,,
相机,ID5000M系列,ID5050M系列V2.0,MV-ID5050M-25S-WBN(国内中性)V2.0,313201039,5MP，25mm镜头，14颗白色LED，半偏镜头罩，机械调焦,,Power,0,Braket5M,0,,,M12A12,1,M12A8,1,L-14-55,1,C-Y-62-14,1,,,,
相机,ID5000M系列,ID5060M系列V2.0,MV-ID5060M-08S-WBN(国内标配)V2.0,313200964,6MP，8mm镜头，8颗白色LED，全透镜头罩，机械调焦,,Power,0,Braket5M,0,,,M12A12,1,M12A8,1,L-8-68,1,C-N-78,1,,,,
相机,ID5000M系列,ID5060M系列V2.0,MV-ID5060M-08S-WBN(国内中性)V2.0,313200965,6MP，8mm镜头，8颗白色LED，全透镜头罩，机械调焦,,Power,0,Braket5M,0,,,M12A12,1,M12A8,1,L-8-68,1,C-N-78,1,,,,
相机,ID5000M系列,ID5060M系列V2.0,MV-ID5060M-12S-WBN(国内标配)V2.0,313200966,6MP，12mm镜头，8颗白色LED，全透镜头罩，机械调焦,,Power,0,Braket5M,0,,,M12A12,1,M12A8,1,L-8-68,1,C-N-78,1,,,,
相机,ID5000M系列,ID5060M系列V2.0,MV-ID5060M-12S-WBN(国内中性)V2.0,313200967,6MP，12mm镜头，8颗白色LED，全透镜头罩，机械调焦,,Power,0,Braket5M,0,,,M12A12,1,M12A8,1,L-8-68,1,C-N-78,1,,,,
相机,ID5000M系列,ID5060M系列V2.0,MV-ID5060M-16S-WBN(国内标配)V2.0,313200970,6MP，16mm镜头，8颗白色LED，全透镜头罩，机械调焦,,Power,0,Braket5M,0,,,M12A12,1,M12A8,1,L-8-68,1,C-N-78,1,,,,
相机,ID5000M系列,ID5060M系列V2.0,MV-ID5060M-16S-WBN(国内中性)V2.0,313200971,6MP，16mm镜头，8颗白色LED，全透镜头罩，机械调焦,,Power,0,Braket5M,0,,,M12A12,1,M12A8,1,L-8-68,1,C-N-78,1,,,,
相机,ID5000M系列,ID5060M系列V2.0,MV-ID5060M-25S-WBN(国内标配)V2.0,313200968,6MP，25mm镜头，8颗白色LED，全透镜头罩，机械调焦,,Power,0,Braket5M,0,,,M12A12,1,M12A8,1,L-8-68,1,C-N-78,1,,,,
相机,ID5000M系列,ID5060M系列V2.0,MV-ID5060M-25S-WBN(国内中性)V2.0,313200969,6MP，25mm镜头，8颗白色LED，全透镜头罩，机械调焦,,Power,0,Braket5M,0,,,M12A12,1,M12A8,1,L-8-68,1,C-N-78,1,,,,
相机,ID5000M系列,ID5060M系列V2.0,MV-ID5060M-00C-NNN(国内标配)V2.0,313200974,6MP，卷帘快门，无镜头，无自带光源,,Power,0,Braket5M,0,,,M12A12,1,M12A8,1,,,,,MF,0,LB-270,
相机,ID5000M系列,ID5060M系列V2.0,MV-ID5060M-00C-NNN(国内中性)V2.0,313200975,6MP，卷帘快门，无镜头，无自带光源,,Power,0,Braket5M,0,,,M12A12,1,M12A8,1,,,,,MF,0,LB-270,
相机,ID5000M系列,ID5060M系列V2.0,MV-ID5060M-08S-RBN(国内标配)V2.0,313200979,6MP，8mm镜头，8颗红色LED，全透镜头罩，机械调焦,,Power,0,Braket5M,0,,,M12A12,1,M12A8,1,L-8-68,1,C-N-78,1,,,,
相机,ID5000M系列,ID5060M系列V2.0,MV-ID5060M-08S-RBN(国内中性)V2.0,313200978,6MP，8mm镜头，8颗红色LED，全透镜头罩，机械调焦,,Power,0,Braket5M,0,,,M12A12,1,M12A8,1,L-8-68,1,C-N-78,1,,,,
相机,ID5000M系列,ID5060M系列V2.0,MV-ID5060M-12S-RBN(国内标配)V2.0,313200983,6MP，12mm镜头，8颗红色LED，全透镜头罩，机械调焦,,Power,0,Braket5M,0,,,M12A12,1,M12A8,1,L-8-68,1,C-N-78,1,,,,
相机,ID5000M系列,ID5060M系列V2.0,MV-ID5060M-12S-RBN(国内中性)V2.0,313200982,6MP，12mm镜头，8颗红色LED，全透镜头罩，机械调焦,,Power,0,Braket5M,0,,,M12A12,1,M12A8,1,L-8-68,1,C-N-78,1,,,,
相机,ID5000M系列,ID5060M系列V2.0,MV-ID5060M-16S-RBN(国内标配)V2.0,313200981,6MP，16mm镜头，8颗红色LED，全透镜头罩，机械调焦,,Power,0,Braket5M,0,,,M12A12,1,M12A8,1,L-8-68,1,C-N-78,1,,,,
相机,ID5000M系列,ID5060M系列V2.0,MV-ID5060M-16S-RBN(国内中性)V2.0,313200980,6MP，16mm镜头，8颗红色LED，全透镜头罩，机械调焦,,Power,0,Braket5M,0,,,M12A12,1,M12A8,1,L-8-68,1,C-N-78,1,,,,
相机,ID5000M系列,ID5060M系列V2.0,MV-ID5060M-25S-RBN(国内标配)V2.0,313200985,6MP，25mm镜头，8颗红色LED，全透镜头罩，机械调焦,,Power,0,Braket5M,0,,,M12A12,1,M12A8,1,L-8-68,1,C-N-78,1,,,,
相机,ID5000M系列,ID5060M系列V2.0,MV-ID5060M-25S-RBN(国内中性)V2.0,313200984,6MP，25mm镜头，8颗红色LED，全透镜头罩，机械调焦,,Power,0,Braket5M,0,,,M12A12,1,M12A8,1,L-8-68,1,C-N-78,1,,,,
相机,ID5000M系列,ID5060M系列V3.0,MV-ID5060M-08S-WBN(国内标配)V3.0,313202762,6MP，8mm镜头，8颗白色LED，全透镜头罩，机械调焦,,Power,0,Braket5M,0,,,M12A12,1,M12A8,1,L-8-68,1,C-N-78,1,,,,
相机,ID5000M系列,ID5060M系列V3.0,MV-ID5060M-08S-WBN(国内中性)V3.0,313202761,6MP，8mm镜头，8颗白色LED，全透镜头罩，机械调焦,,Power,0,Braket5M,0,,,M12A12,1,M12A8,1,L-8-68,1,C-N-78,1,,,,
相机,ID5000M系列,ID5060M系列V3.0,MV-ID5060M-12S-WBN(国内标配)V3.0,313202763,6MP，12mm镜头，8颗白色LED，全透镜头罩，机械调焦,,Power,0,Braket5M,0,,,M12A12,1,M12A8,1,L-8-68,1,C-N-78,1,,,,
相机,ID5000M系列,ID5060M系列V3.0,MV-ID5060M-12S-WBN(国内中性)V3.0,313202764,6MP，12mm镜头，8颗白色LED，全透镜头罩，机械调焦,,Power,0,Braket5M,0,,,M12A12,1,M12A8,1,L-8-68,1,C-N-78,1,,,,
相机,ID5000M系列,ID5060M系列V3.0,MV-ID5060M-16S-WBN(国内标配)V3.0,313202765,6MP，16mm镜头，8颗白色LED，全透镜头罩，机械调焦,,Power,0,Braket5M,0,,,M12A12,1,M12A8,1,L-8-68,1,C-N-78,1,,,,
相机,ID5000M系列,ID5060M系列V3.0,MV-ID5060M-16S-WBN(国内中性)V3.0,313202766,6MP，16mm镜头，8颗白色LED，全透镜头罩，机械调焦,,Power,0,Braket5M,0,,,M12A12,1,M12A8,1,L-8-68,1,C-N-78,1,,,,
相机,ID5000M系列,ID5060M系列V3.0,MV-ID5060M-25S-WBN(国内标配)V3.0,313202767,6MP，25mm镜头，8颗白色LED，全透镜头罩，机械调焦,,Power,0,Braket5M,0,,,M12A12,1,M12A8,1,L-8-68,1,C-N-78,1,,,,
相机,ID5000M系列,ID5060M系列V3.0,MV-ID5060M-25S-WBN(国内中性)V3.0,313202768,6MP，25mm镜头，8颗白色LED，全透镜头罩，机械调焦,,Power,0,Braket5M,0,,,M12A12,1,M12A8,1,L-8-68,1,C-N-78,1,,,,
相机,ID5000M系列,ID5060M系列V3.0,MV-ID5060M-00C-NNN(国内标配)V3.0,313202770,6MP，卷帘快门，无镜头，无自带光源,,Power,0,Braket5M,0,,,M12A12,1,M12A8,1,,,,,MF,0,LB-270,
相机,ID5000M系列,ID5060M系列V3.0,MV-ID5060M-00C-NNN(国内中性)V3.0,313202769,6MP，卷帘快门，无镜头，无自带光源,,Power,0,Braket5M,0,,,M12A12,1,M12A8,1,,,,,MF,0,LB-270,
相机,ID5000M系列,ID5120M系列V2.0,MV-ID5120M-00C-NNN(国内标配)V2.0,313201042,12MP，全局快门，无镜头，无自带光源,,Power,0,Braket5M,0,,,M12A12,1,M12A8,1,,,,,KF,0,LB-270,
相机,ID5000M系列,ID5120M系列V2.0,MV-ID5120M-00C-NNN(国内中性)V2.0,313201043,12MP，全局快门，无镜头，无自带光源,,Power,0,Braket5M,0,,,M12A12,1,M12A8,1,,,,,KF,0,LB-270,
相机,ID5000M系列,ID5200M系列V2.0,MV-ID5200M-00C-NNN(国内标配)V2.0,313200992,20MP，卷帘快门，无镜头，无自带光源,,Power,0,Braket5M,0,,,M12A12,1,M12A8,1,,,,,KF,0,LB-270,
相机,ID5000M系列,ID5200M系列V2.0,MV-ID5200M-00C-NNN(国内中性)V2.0,313200993,20MP，卷帘快门，无镜头，无自带光源,,Power,0,Braket5M,0,,,M12A12,1,M12A8,1,,,,,KF,0,LB-270,
相机,ID5000M系列,ID5200PM系列V2.0,MV-ID5200PM-00C-NNN(国内标配)V2.0,313201054,20MP，全局快门，无镜头，无自带光源,,Power,0,Braket5M,0,,,M12A12,1,M12A8,1,,,,,KF,0,LB-270,
相机,ID5000M系列,ID5200PM系列V2.0,MV-ID5200PM-00C-NNN(国内中性)V2.0,313201056,20MP，全局快门，无镜头，无自带光源,,Power,0,Braket5M,0,,,M12A12,1,M12A8,1,,,,,KF,0,LB-270,
相机,ID5000M系列,ID5250PM系列V2.0,MV-ID5250PM-00C-NNN(国内标配)V2.0,313201792,25MP，全局快门，无镜头，无自带光源,,Power,0,Braket5M,0,,,M12A12,1,M12A8,1,,,,,KF,0,LB-270,
相机,ID5000M系列,ID5250PM系列V2.0,MV-ID5250PM-00C-NNN(国内中性)V2.0,313201793,25MP，全局快门，无镜头，无自带光源,,Power,0,Braket5M,0,,,M12A12,1,M12A8,1,,,,,KF,0,LB-270,
相机,ID5000XM系列,ID5050XM系列V2.0,MV-ID5050XM-08M-RBN(国内标配)V2.0,313202289,5MP，8mm镜头，8颗红色LED，半偏镜头罩，机械调焦，带OLED屏,,Power,0,Braket5X,1,,,M12A12,0,M12A8,0,L-8-32,1,C-Y-41,1,,,C-Y-41-E;SL-16-M,0
相机,ID5000XM系列,ID5050XM系列V2.0,MV-ID5050XM-08M-RBN(国内中性)V2.0,313202545,5MP，8mm镜头，8颗红色LED，半偏镜头罩，机械调焦，带OLED屏,,Power,0,Braket5X,1,,,M12A12,0,M12A8,0,L-8-32,1,C-Y-41,1,,,C-Y-41-E;SL-16-M,0
相机,ID5000XM系列,ID5050XM系列V2.0,MV-ID5050XM-12M-RBN(国内标配)V2.0,313202290,5MP，12mm镜头，8颗红色LED，半偏镜头罩，机械调焦，带OLED屏,,Power,0,Braket5X,1,,,M12A12,0,M12A8,0,L-8-32,1,C-Y-41,1,,,C-Y-41-E;SL-16-M,0
相机,ID5000XM系列,ID5050XM系列V2.0,MV-ID5050XM-12M-RBN(国内中性)V2.0,313202547,5MP，12mm镜头，8颗红色LED，半偏镜头罩，机械调焦，带OLED屏,,Power,0,Braket5X,1,,,M12A12,0,M12A8,0,L-8-32,1,C-Y-41,1,,,C-Y-41-E;SL-16-M,0
相机,ID5000XM系列,ID5050XM系列V2.0,MV-ID5050XM-16M-RBN(国内标配)V2.0,313202291,5MP，16mm镜头，8颗红色LED，半偏镜头罩，机械调焦，带OLED屏,,Power,0,Braket5X,1,,,M12A12,0,M12A8,0,L-8-32,1,C-Y-41,1,,,C-Y-41-E;SL-16-M,0
相机,ID5000XM系列,ID5050XM系列V2.0,MV-ID5050XM-16M-RBN(国内中性)V2.0,313202549,5MP，16mm镜头，8颗红色LED，半偏镜头罩，机械调焦，带OLED屏,,Power,0,Braket5X,1,,,M12A12,0,M12A8,0,L-8-32,1,C-Y-41,1,,,C-Y-41-E;SL-16-M,0
相机,ID5000XM系列,ID5050XM系列V2.0,MV-ID5050XM-25M-RBN(国内标配)V2.0,313202292,5MP，25mm镜头，8颗红色LED，半偏镜头罩，机械调焦，带OLED屏,,Power,0,Braket5X,1,,,M12A12,0,M12A8,0,L-8-32,1,C-Y-41,1,,,C-Y-41-E;SL-16-M,0
相机,ID5000XM系列,ID5050XM系列V2.0,MV-ID5050XM-25M-RBN(国内中性)V2.0,313202551,5MP，25mm镜头，8颗红色LED，半偏镜头罩，机械调焦，带OLED屏,,Power,0,Braket5X,1,,,M12A12,0,M12A8,0,L-8-32,1,C-Y-41,1,,,C-Y-41-E;SL-16-M,0
相机,ID5000XM系列,ID5050XM系列V2.0,MV-ID5050XM-08L-RBN(国内标配)V2.0,313202293,5MP，8mm镜头，8颗红色LED，半偏镜头罩，液态调焦，带OLED屏,,Power,0,Braket5X,1,,,M12A12,0,M12A8,0,L-8-32,1,C-Y-41,1,,,C-Y-41-E;SL-16-M,0
相机,ID5000XM系列,ID5050XM系列V2.0,MV-ID5050XM-08L-RBN(国内中性)V2.0,313202553,5MP，8mm镜头，8颗红色LED，半偏镜头罩，液态调焦，带OLED屏,,Power,0,Braket5X,1,,,M12A12,0,M12A8,0,L-8-32,1,C-Y-41,1,,,C-Y-41-E;SL-16-M,0
相机,ID5000XM系列,ID5050XM系列V2.0,MV-ID5050XM-12L-RBN(国内标配)V2.0,313202294,5MP，12mm镜头，8颗红色LED，半偏镜头罩，液态调焦，带OLED屏,,Power,0,Braket5X,1,,,M12A12,0,M12A8,0,L-8-32,1,C-Y-41,1,,,C-Y-41-E;SL-16-M,0
相机,ID5000XM系列,ID5050XM系列V2.0,MV-ID5050XM-12L-RBN(国内中性)V2.0,313202557,5MP，12mm镜头，8颗红色LED，半偏镜头罩，液态调焦，带OLED屏,,Power,0,Braket5X,1,,,M12A12,0,M12A8,0,L-8-32,1,C-Y-41,1,,,C-Y-41-E;SL-16-M,0
相机,ID5000XM系列,ID5050XM系列V2.0,MV-ID5050XM-16L-RBN(国内标配)V2.0,313202295,5MP，16mm镜头，8颗红色LED，半偏镜头罩，液态调焦，带OLED屏,,Power,0,Braket5X,1,,,M12A12,0,M12A8,0,L-8-32,1,C-Y-41,1,,,C-Y-41-E;SL-16-M,0
相机,ID5000XM系列,ID5050XM系列V2.0,MV-ID5050XM-16L-RBN(国内中性)V2.0,313202555,5MP，16mm镜头，8颗红色LED，半偏镜头罩，液态调焦，带OLED屏,,Power,0,Braket5X,1,,,M12A12,0,M12A8,0,L-8-32,1,C-Y-41,1,,,C-Y-41-E;SL-16-M,0
相机,ID5000XM系列,ID5050XM系列,MV-ID5050XM-08M-RBN(国内标配),313201845,5MP，8mm镜头，8颗红色LED，半偏镜头罩，机械调焦，带OLED屏,,Power,0,Braket5X,1,,,M12A12,0,M12A8,0,L-8-32,1,C-Y-41,1,,,C-Y-41-E,0
相机,ID5000XM系列,ID5050XM系列,MV-ID5050XM-08M-RBN(国内中性),313201934,5MP，8mm镜头，8颗红色LED，半偏镜头罩，机械调焦，带OLED屏,,Power,0,Braket5X,1,,,M12A12,0,M12A8,0,L-8-32,1,C-Y-41,1,,,C-Y-41-E,0
相机,ID5000XM系列,ID5050XM系列,MV-ID5050XM-12M-RBN(国内标配),313201846,5MP，12mm镜头，8颗红色LED，半偏镜头罩，机械调焦，带OLED屏,,Power,0,Braket5X,1,,,M12A12,0,M12A8,0,L-8-32,1,C-Y-41,1,,,C-Y-41-E,0
相机,ID5000XM系列,ID5050XM系列,MV-ID5050XM-12M-RBN(国内中性),313201933,5MP，12mm镜头，8颗红色LED，半偏镜头罩，机械调焦，带OLED屏,,Power,0,Braket5X,1,,,M12A12,0,M12A8,0,L-8-32,1,C-Y-41,1,,,C-Y-41-E,0
相机,ID5000XM系列,ID5050XM系列,MV-ID5050XM-16M-RBN(国内标配),313201777,5MP，16mm镜头，8颗红色LED，半偏镜头罩，机械调焦，带OLED屏,,Power,0,Braket5X,1,,,M12A12,0,M12A8,0,L-8-32,1,C-Y-41,1,,,C-Y-41-E,0
相机,ID5000XM系列,ID5050XM系列,MV-ID5050XM-16M-RBN(国内中性),313201932,5MP，16mm镜头，8颗红色LED，半偏镜头罩，机械调焦，带OLED屏,,Power,0,Braket5X,1,,,M12A12,0,M12A8,0,L-8-32,1,C-Y-41,1,,,C-Y-41-E,0
相机,ID5000XM系列,ID5050XM系列,MV-ID5050XM-25M-RBN(国内标配),313201847,5MP，25mm镜头，8颗红色LED，半偏镜头罩，机械调焦，带OLED屏,,Power,0,Braket5X,1,,,M12A12,0,M12A8,0,L-8-32,1,C-Y-41,1,,,C-Y-41-E,0
相机,ID5000XM系列,ID5050XM系列,MV-ID5050XM-25M-RBN(国内中性),313201935,5MP，25mm镜头，8颗红色LED，半偏镜头罩，机械调焦，带OLED屏,,Power,0,Braket5X,1,,,M12A12,0,M12A8,0,L-8-32,1,C-Y-41,1,,,C-Y-41-E,0
相机,ID5000XM系列,ID5050XM系列,MV-ID5050XM-08L-RBN(国内标配),313201977,5MP，8mm镜头，8颗红色LED，半偏镜头罩，液态调焦，带OLED屏,,Power,0,Braket5X,1,,,M12A12,0,M12A8,0,L-8-32,1,C-Y-41,1,,,C-Y-41-E,0
相机,ID5000XM系列,ID5050XM系列,MV-ID5050XM-08L-RBN(国内中性),313201978,5MP，8mm镜头，8颗红色LED，半偏镜头罩，液态调焦，带OLED屏,,Power,0,Braket5X,1,,,M12A12,0,M12A8,0,L-8-32,1,C-Y-41,1,,,C-Y-41-E,0
相机,ID5000XM系列,ID5050XM系列,MV-ID5050XM-12L-RBN(国内标配),313201979,5MP，12mm镜头，8颗红色LED，半偏镜头罩，液态调焦，带OLED屏,,Power,0,Braket5X,1,,,M12A12,0,M12A8,0,L-8-32,1,C-Y-41,1,,,C-Y-41-E,0
相机,ID5000XM系列,ID5050XM系列,MV-ID5050XM-12L-RBN(国内中性),313201980,5MP，12mm镜头，8颗红色LED，半偏镜头罩，液态调焦，带OLED屏,,Power,0,Braket5X,1,,,M12A12,0,M12A8,0,L-8-32,1,C-Y-41,1,,,C-Y-41-E,0
相机,ID5000XM系列,ID5050XM系列,MV-ID5050XM-16L-RBN(国内标配),313201981,5MP，16mm镜头，8颗红色LED，半偏镜头罩，液态调焦，带OLED屏,,Power,0,Braket5X,1,,,M12A12,0,M12A8,0,L-8-32,1,C-Y-41,1,,,C-Y-41-E,0
相机,ID5000XM系列,ID5050XM系列,MV-ID5050XM-16L-RBN(国内中性),313201982,5MP，16mm镜头，8颗红色LED，半偏镜头罩，液态调焦，带OLED屏,,Power,0,Braket5X,1,,,M12A12,0,M12A8,0,L-8-32,1,C-Y-41,1,,,C-Y-41-E,0
相机,ID5000XM系列,ID5050XM系列V2.0,MV-ID5050XM-00C-NNN(国内标配),313202673,5MP，全局快门，无镜头，无自带光源,,Power,0,Braket5X,1,,,M12A12,0,M12A8,0,,,,,MF,0,SL-16-C;LY-02,0
相机,ID5000XM系列,ID5050XM系列V2.0,MV-ID5050XM-00C-NNN(国内中性),313202674,5MP，全局快门，无镜头，无自带光源,,Power,0,Braket5X,1,,,M12A12,0,M12A8,0,,,,,MF,0,SL-16-C;LY-02,0
相机,ID5000XM系列,ID5050XM系列V2.0,MV-ID5050XM-08M-XBN(国内标配),313202951,5MP，8mm镜头，8颗四色光源(红/绿/蓝/白)，全透镜头罩，机械调焦，带OLED屏,,Power,0,Braket5X,1,,,M12A12,0,M12A8,0,,,,,,,,
相机,ID5000XM系列,ID5050XM系列V2.0,MV-ID5050XM-08M-XBN(国内中性),313203201,5MP，8mm镜头，8颗四色光源(红/绿/蓝/白)，全透镜头罩，机械调焦，带OLED屏,,Power,0,Braket5X,1,,,M12A12,0,M12A8,0,,,,,,,,
相机,ID5000XM系列,ID5050XM系列V2.0,MV-ID5050XM-16M-BVS(国内标配),313203301,条码验证器，5MP，16mm镜头，搭配专用光源(红色)，四象限分控照明，照明区分为30°、45°、同轴光,,Power,0,Braket5X,1,,,M12A12,0,M12A8,0,,,,,,,,
相机,ID5000XM系列,ID5050XM系列V2.0,MV-ID5050XM-16M-BVS(国内中性),313203302,条码验证器，5MP，16mm镜头，搭配专用光源(红色)，四象限分控照明，照明区分为30°、45°、同轴光,,Power,0,Braket5X,1,,,M12A12,0,M12A8,0,,,,,,,,
相机,ID5000XM系列,ID5050XM系列V2.0,MV-ID5050XM-25M-BVS(国内标配),313203303,条码验证器，5MP，25mm镜头，搭配专用光源(红色)，四象限分控照明，照明区分为30°、45°、同轴光,,Power,0,Braket5X,1,,,M12A12,0,M12A8,0,,,,,,,,
相机,ID5000XM系列,ID5050XM系列V2.0,MV-ID5050XM-25M-BVS(国内中性),313203304,条码验证器，5MP，25mm镜头，搭配专用光源(红色)，四象限分控照明，照明区分为30°、45°、同轴光,,Power,0,Braket5X,1,,,M12A12,0,M12A8,0,,,,,,,,
相机,ID5000XM系列,ID5120XM系列,MV-ID5120XM-00C-NNN(国内标配),313202675,12MP，全局快门，无镜头，无自带光源,,Power,0,Braket5X,1,,,M12A12,0,M12A8,0,,,,,KF,0,SL-16-C;LY-02,0
相机,ID5000XM系列,ID5120XM系列,MV-ID5120XM-00C-NNN(国内中性),313202676,12MP，全局快门，无镜头，无自带光源,,Power,0,Braket5X,1,,,M12A12,0,M12A8,0,,,,,KF,0,SL-16-C;LY-02,0
相机,ID5000XM系列,ID5120RM系列,MV-ID5120RM-08M-RBN(国内标配),313202900,12MP，8mm镜头，8颗红色LED，半偏镜头罩，机械调焦，带OLED屏,,Power,0,Braket5X,1,,,M12A12,0,M12A8,0,L-8-32,1,C-Y-41,1,,,C-Y-41-E;SL-16-M,0
相机,ID5000XM系列,ID5120RM系列,MV-ID5120RM-08M-RBN(国内中性),313202990,12MP，8mm镜头，8颗红色LED，半偏镜头罩，机械调焦，带OLED屏,,Power,0,Braket5X,1,,,M12A12,0,M12A8,0,L-8-32,1,C-Y-41,1,,,C-Y-41-E;SL-16-M,0
相机,ID5000XM系列,ID5120RM系列,MV-ID5120RM-12M-RBN(国内标配),313202901,12MP，12mm镜头，8颗红色LED，半偏镜头罩，机械调焦，带OLED屏,,Power,0,Braket5X,1,,,M12A12,0,M12A8,0,L-8-32,1,C-Y-41,1,,,C-Y-41-E;SL-16-M,0
相机,ID5000XM系列,ID5120RM系列,MV-ID5120RM-12M-RBN(国内中性),313202996,12MP，12mm镜头，8颗红色LED，半偏镜头罩，机械调焦，带OLED屏,,Power,0,Braket5X,1,,,M12A12,0,M12A8,0,L-8-32,1,C-Y-41,1,,,C-Y-41-E;SL-16-M,0
相机,ID5000XM系列,ID5120RM系列,MV-ID5120RM-16M-RBN(国内标配),313202902,12MP，16mm镜头，8颗红色LED，半偏镜头罩，机械调焦，带OLED屏,,Power,0,Braket5X,1,,,M12A12,0,M12A8,0,L-8-32,1,C-Y-41,1,,,C-Y-41-E;SL-16-M,0
相机,ID5000XM系列,ID5120RM系列,MV-ID5120RM-16M-RBN(国内中性),313203002,12MP，16mm镜头，8颗红色LED，半偏镜头罩，机械调焦，带OLED屏,,Power,0,Braket5X,1,,,M12A12,0,M12A8,0,L-8-32,1,C-Y-41,1,,,C-Y-41-E;SL-16-M,0
相机,ID5000XM系列,ID5120RM系列,MV-ID5120RM-25M-RBN(国内标配),313202903,12MP，25mm镜头，8颗红色LED，半偏镜头罩，机械调焦，带OLED屏,,Power,0,Braket5X,1,,,M12A12,0,M12A8,0,L-8-32,1,C-Y-41,1,,,C-Y-41-E;SL-16-M,0
相机,ID5000XM系列,ID5120RM系列,MV-ID5120RM-25M-RBN(国内中性),313203005,12MP，25mm镜头，8颗红色LED，半偏镜头罩，机械调焦，带OLED屏,,Power,0,Braket5X,1,,,M12A12,0,M12A8,0,L-8-32,1,C-Y-41,1,,,C-Y-41-E;SL-16-M,0
相机,ID5000XM系列,ID5120RM系列,MV-ID5120RM-08L-RBN(国内标配),313202904,12MP，8mm镜头，8颗红色LED，半偏镜头罩，液态调焦，带OLED屏,,Power,0,Braket5X,1,,,M12A12,0,M12A8,0,L-8-32,1,C-Y-41,1,,,C-Y-41-E;SL-16-M,0
相机,ID5000XM系列,ID5120RM系列,MV-ID5120RM-08L-RBN(国内中性),313202954,12MP，8mm镜头，8颗红色LED，半偏镜头罩，液态调焦，带OLED屏,,Power,0,Braket5X,1,,,M12A12,0,M12A8,0,L-8-32,1,C-Y-41,1,,,C-Y-41-E;SL-16-M,0
相机,ID5000XM系列,ID5120RM系列,MV-ID5120RM-12L-RBN(国内标配),313202905,12MP，12mm镜头，8颗红色LED，半偏镜头罩，液态调焦，带OLED屏,,Power,0,Braket5X,1,,,M12A12,0,M12A8,0,L-8-32,1,C-Y-41,1,,,C-Y-41-E;SL-16-M,0
相机,ID5000XM系列,ID5120RM系列,MV-ID5120RM-12L-RBN(国内中性),313202993,12MP，12mm镜头，8颗红色LED，半偏镜头罩，液态调焦，带OLED屏,,Power,0,Braket5X,1,,,M12A12,0,M12A8,0,L-8-32,1,C-Y-41,1,,,C-Y-41-E;SL-16-M,0
相机,ID5000XM系列,ID5120RM系列,MV-ID5120RM-16L-RBN(国内标配),313202906,12MP，16mm镜头，8颗红色LED，半偏镜头罩，液态调焦，带OLED屏,,Power,0,Braket5X,1,,,M12A12,0,M12A8,0,L-8-32,1,C-Y-41,1,,,C-Y-41-E;SL-16-M,0
相机,ID5000XM系列,ID5120RM系列,MV-ID5120RM-16L-RBN(国内中性),313202999,12MP，16mm镜头，8颗红色LED，半偏镜头罩，液态调焦，带OLED屏,,Power,0,Braket5X,1,,,M12A12,0,M12A8,0,L-8-32,1,C-Y-41,1,,,C-Y-41-E;SL-16-M,0
相机,ID5000XM系列,ID5120RM系列,MV-ID5120RM-00C-NNN(国内标配),313202899,12MP，卷帘快门，无镜头，无自带光源,,Power,0,Braket5X,1,,,M12A12,0,M12A8,0,,,,,KF,0,SL-16-C;LY-02,
相机,ID5000XM系列,ID5120RM系列,MV-ID5120RM-00C-NNN(国内中性),313203343,12MP，卷帘快门，无镜头，无自带光源,,Power,0,Braket5X,1,,,M12A12,0,M12A8,0,,,,,KF,0,SL-16-C;LY-02,
相机,IDH手持式系列,IDH2000有线款,MV-IDH2000P/13SR/05RN/U(国内中性),313202410,1.3MP，4.9mm焦距，标准距离，配备红/白/蓝三色光源，USB口型号,标准距离，U口有线,PwIH,0,,,H20-U,1,,,,,,,,,,,,
相机,IDH手持式系列,IDH2000有线款,MV-IDH2000P/13SR/05RN/U(国内标配),313202257,1.3MP，4.9mm焦距，标准距离，配备红/白/蓝三色光源，USB口型号,标准距离，U口有线,PwIH,0,,,H20-U,1,,,,,,,,,,,,
相机,IDH手持式系列,IDH2000有线款,MV-IDH2000P/13NR/05RN/U(国内中性),313202409,1.3MP，4.9mm焦距，标准距离，配备红/白/蓝三色光源，USB口型号,标准距离，U口有线,PwIH,0,,,H20-U,1,,,,,,,,,,,,
相机,IDH手持式系列,IDH2000有线款,MV-IDH2000P/13NR/05RN/U(国内标配),313202256,1.3MP，4.9mm焦距，标准距离，配备红/白/蓝三色光源，USB口型号,标准距离，U口有线,PwIH,0,,,H20-U,1,,,,,,,,,,,,
相机,IDH手持式系列,IDH2000有线款,MV-IDH2000/03SR/03WN/U(国内标配),313201214,0.3MP，3.1mm焦距，标准距离，配备白色光源，USB口型号，包含USB口外甩线,0.3MP，标准距离，U口有线,PwIH,0,,,H20-U,1,,,,,,,,,,,,
相机,IDH手持式系列,IDH2000有线款,MV-IDH2000/03SR/03WN/U(国内中性),313201284,0.3MP，3.1mm焦距，标准距离，配备白色光源，USB口型号，包含USB口外甩线,0.3MP，标准距离，U口有线,PwIH,0,,,H20-U,1,,,,,,,,,,,,
相机,IDH手持式系列,IDH2000有线款,MV-IDH2000/13SR/05WN/U(国内标配),313201327,1.3MP，4.9mm焦距，标准距离，配备白色光源，USB口型号，包含USB口外甩线,1.3MP，标准距离，U口有线,PwIH,0,,,H20-U,1,,,,,,,,,,,,
相机,IDH手持式系列,IDH2000有线款,MV-IDH2000/13SR/05WN/U(国内中性),313201391,1.3MP，4.9mm焦距，标准距离，配备白色光源，USB口型号，包含USB口外甩线,1.3MP，标准距离，U口有线,PwIH,0,,,H20-U,1,,,,,,,,,,,,
相机,IDH手持式系列,IDH2000有线款,MV-IDH2000/13SR/05WP/U(国内标配),313201452,1.3MP，4.9mm焦距，标准距离，配备白色光源，偏振型号，USB口型号，包含USB口外甩线,1.3MP，标准距离，偏振光，U口有线,PwIH,0,,,H20-U,1,,,,,,,,,,,,
相机,IDH手持式系列,IDH2000有线款,MV-IDH2000/13SR/05WP/U(国内中性),313201598,1.3MP，4.9mm焦距，标准距离，配备白色光源，偏振型号，USB口型号，包含USB口外甩线,1.3MP，标准距离，偏振光，U口有线,PwIH,0,,,H20-U,1,,,,,,,,,,,,
相机,IDH手持式系列,IDH2000有线款,MV-IDH2000/13SR/04WN/U(国内标配),313201490,1.3MP，4.9mm焦距，标准距离，配备白色光源，大视野，USB口型号，包含USB口外甩线,1.3MP，标准距离，大视野，U口有线,PwIH,0,,,H20-U,1,,,,,,,,,,,,
相机,IDH手持式系列,IDH2000有线款,MV-IDH2000/13SR/04WN/U(国内中性),313201601,1.3MP，4.9mm焦距，标准距离，配备白色光源，大视野，USB口型号，包含USB口外甩线,1.3MP，标准距离，大视野，U口有线,PwIH,0,,,H20-U,1,,,,,,,,,,,,
相机,IDH手持式系列,IDH2000有线款,MV-IDH2000/13NR/05WN/U(国内标配),313201328,1.3MP，4.9mm焦距，近距离，配备白色光源，USB口型号，包含USB口外甩线,1.3MP，近距离，U口有线,PwIH,0,,,H20-U,1,,,,,,,,,,,,
相机,IDH手持式系列,IDH2000有线款,MV-IDH2000/13NR/05WN/U(国内中性),313201394,1.3MP，4.9mm焦距，近距离，配备白色光源，USB口型号，包含USB口外甩线,1.3MP，近距离，U口有线,PwIH,0,,,H20-U,1,,,,,,,,,,,,
相机,IDH手持式系列,IDH2000有线款,MV-IDH2000/13NR/05WP/U(国内标配),313201451,1.3MP，4.9mm焦距，近距离，配备白色光源，偏振型号，USB口型号，包含USB口外甩线,1.3MP，近距离，偏振光，U口有线,PwIH,0,,,H20-U,1,,,,,,,,,,,,
相机,IDH手持式系列,IDH2000有线款,MV-IDH2000/13NR/05WP/U(国内中性),313201595,1.3MP，4.9mm焦距，近距离，配备白色光源，偏振型号，USB口型号，包含USB口外甩线,1.3MP，近距离，偏振光，U口有线,PwIH,0,,,H20-U,1,,,,,,,,,,,,
相机,IDH手持式系列,IDH2000无线款,MV-IDH2000PB/13SR/05RN/UC(国内标配)/套包,313202651,1.3MP，4.9mm焦距，标准距离，配备红/白/蓝三色光源，蓝牙无线型号，带USB充电底座套包,标准距离，蓝牙无线，U口套包；单读码器物料：313202646,,,,,H20B-U,1,,,,,,,,,,,LIB-2;CBB2H,1
相机,IDH手持式系列,IDH2000无线款,MV-IDH2000PB/13SR/05RN/UC(国内中性)/套包,313202650,1.3MP，4.9mm焦距，标准距离，配备红/白/蓝三色光源，蓝牙无线型号，带USB充电底座套包,标准距离，蓝牙无线，U口套包；单读码器物料：313202647,,,,,H20B-U,1,,,,,,,,,,,LIB-2;CBB2N,1
相机,IDH手持式系列,IDH2000无线款,MV-IDH2000PB/13NR/05RN/UC(国内标配)/套包,313202572,1.3MP，4.9mm焦距，近距离，配备红/白/蓝三色光源，蓝牙无线型号，带USB充电底座套包,近距离，蓝牙无线，U口套包；单读码器物料：313202567,,,,,H20B-U,1,,,,,,,,,,,LIB-2;CBB2H,1
相机,IDH手持式系列,IDH2000无线款,MV-IDH2000PB/13NR/05RN/UC(国内中性)/套包,313202571,1.3MP，4.9mm焦距，近距离，配备红/白/蓝三色光源，蓝牙无线型号，带USB充电底座套包,近距离，蓝牙无线，U口套包；单读码器物料：313202568,,,,,H20B-U,1,,,,,,,,,,,LIB-2;CBB2N,1
相机,IDH手持式系列,IDH2000无线款,MV-IDH2000RF/03SR/03WN/UC(国内标配)/套包,313201765,0.3MP，3.1mm焦距，标准距离，配备白色光源，RF无线型号，带USB充电底座和线缆,0.3MP，标准距离，RF无线，U口套包；单读码器物料：313201347,,,,,H20B-U,1,,,,,,,,,,,LIB-2;CBRF2H,1
相机,IDH手持式系列,IDH2000无线款,MV-IDH2000RF/03SR/03WN/UC(国内中性)/套包,313201801,0.3MP，3.1mm焦距，标准距离，配备白色光源，RF无线型号，带USB充电底座和线缆,0.3MP，标准距离，RF无线，U口套包；单读码器物料：313201442,,,,,H20B-U,1,,,,,,,,,,,LIB-2;CBRF2N,1
相机,IDH手持式系列,IDH2000无线款,MV-IDH2000RF/13SR/05WN/UC(国内标配)/套包,313201766,1.3MP，4.9mm焦距，标准距离，配备白色光源，RF无线型号，带USB充电底座和线缆,1.3MP，标准距离，RF无线，U口套包；单读码器物料：313201434,,,,,H20B-U,1,,,,,,,,,,,LIB-2;CBRF2H,1
相机,IDH手持式系列,IDH2000无线款,MV-IDH2000RF/13SR/05WN/UC(国内中性)/套包,313201800,1.3MP，4.9mm焦距，标准距离，配备白色光源，RF无线型号，带USB充电底座和线缆,1.3MP，标准距离，RF无线，U口套包；单读码器物料：313201507,,,,,H20B-U,1,,,,,,,,,,,LIB-2;CBRF2N,1
相机,IDH手持式系列,IDH2000无线款,MV-IDH2000RF/13NR/05WN/UC(国内标配)/套包,313201767,1.3MP，4.9mm焦距，近距离，配备白色光源，RF无线型号，带USB充电底座和线缆,1.3MP，近距离，RF无线，U口套包；单读码器物料：313201433,,,,,H20B-U,1,,,,,,,,,,,LIB-2;CBRF2H,1
相机,IDH手持式系列,IDH2000无线款,MV-IDH2000RF/13NR/05WN/UC(国内中性)/套包,313201799,1.3MP，4.9mm焦距，近距离，配备白色光源，RF无线型号，带USB充电底座和线缆,1.3MP，近距离，RF无线，U口套包；单读码器物料：313201508,,,,,H20B-U,1,,,,,,,,,,,LIB-2;CBRF2N,1
相机,IDH手持式系列,IDH2000无线款,MV-IDH2000B/03SR/03WN/UC(国内标配)/套包,313201955,0.3MP，3.1mm焦距，标准距离，配备白色光源，蓝牙无线型号，带USB充电底座和线缆,0.3MP，标准距离，蓝牙无线，U口套包；单读码器物料：313201761,,,,,H20B-U,1,,,,,,,,,,,LIB-2;CBB2H,1
相机,IDH手持式系列,IDH2000无线款,MV-IDH2000B/03SR/03WN/UC(国内中性)/套包,313202071,0.3MP，3.1mm焦距，标准距离，配备白色光源，蓝牙无线型号，带USB充电底座和线缆,0.3MP，标准距离，蓝牙无线，U口套包；单读码器物料：313201947,,,,,H20B-U,1,,,,,,,,,,,LIB-2;CBB2H,1
相机,IDH手持式系列,IDH2000无线款,MV-IDH2000B/13SR/05WN/UC(国内标配)/套包,313202070,1.3MP，4.9mm焦距，标准距离，配备白色光源，蓝牙无线型号，带USB充电底座和线缆,1.3MP，标准距离，蓝牙无线，U口套包；单读码器物料：313201762,,,,,H20B-U,1,,,,,,,,,,,LIB-2;CBB2H,1
相机,IDH手持式系列,IDH2000无线款,MV-IDH2000B/13SR/05WN/UC(国内中性)/套包,313202073,1.3MP，4.9mm焦距，标准距离，配备白色光源，蓝牙无线型号，带USB充电底座和线缆,1.3MP，标准距离，蓝牙无线，U口套包；单读码器物料：313201954,,,,,H20B-U,1,,,,,,,,,,,LIB-2;CBB2H,1
相机,IDH手持式系列,IDH2000无线款,MV-IDH2000B/13NR/05WN/UC(国内标配)/套包,313202069,1.3MP，4.9mm焦距，近距离，配备白色光源，蓝牙无线型号，带USB充电底座和线缆,1.3MP，近距离，蓝牙无线，U口套包；单读码器物料：313201763,,,,,H20B-U,1,,,,,,,,,,,LIB-2;CBB2H,1
相机,IDH手持式系列,IDH2000无线款,MV-IDH2000B/13NR/05WN/UC(国内中性)/套包,313202072,1.3MP，4.9mm焦距，近距离，配备白色光源，蓝牙无线型号，带USB充电底座和线缆,1.3MP，近距离，蓝牙无线，U口套包；单读码器物料：313201952,,,,,H20B-U,1,,,,,,,,,,,LIB-2;CBB2H,1
相机,IDH手持式系列,IDH3000有线款,MV-IDH3000/13SR/05RN/U(国内标配)V3.0,313202122,1.3MP，4.7mm焦距，标准距离，配备红色光源，USB口型号，包含USB口外甩线,标准距离，U口有线,PwIH,0,,,H30-U,1,,,,,,,,,,,,
相机,IDH手持式系列,IDH3000有线款,MV-IDH3000/13SR/05RN/U(国内中性)V3.0,313202123,1.3MP，4.7mm焦距，标准距离，配备红色光源，USB口型号，包含USB口外甩线,标准距离，U口有线,PwIH,0,,,H30-U,1,,,,,,,,,,,,
相机,IDH手持式系列,IDH3000有线款,MV-IDH3000/13SR/05RN/L(国内标配)V3.0,313202119,1.3MP，4.7mm焦距，标准距离，配备红色光源，网口型号，包含网口串口外甩线,标准距离，网口有线,PwIH,1,,,H30-L,1,,,,,,,,,,,,1
相机,IDH手持式系列,IDH3000有线款,MV-IDH3000/13SR/05RN/L(国内中性)V3.0,313202120,1.3MP，4.7mm焦距，标准距离，配备红色光源，网口型号，包含网口串口外甩线,标准距离，网口有线,PwIH,1,,,H30-L,1,,,,,,,,,,,,1
相机,IDH手持式系列,IDH3000有线款,MV-IDH3000/13SR/05RN/LE(国内标配)V3.0,313202121,1.3MP，4.7mm焦距，标准距离，配备红色光源，网口型号，支持工业协议，包含网口串口外甩线,标准距离，网口有线，工业协议,PwIH,1,,,H30-L,1,,,,,,,,,,,,
相机,IDH手持式系列,IDH3000有线款,MV-IDH3000/13NR/05RN/U(国内标配)V3.0,313202117,1.3MP，4.7mm焦距，近距离，配备红色光源，USB口型号，包含USB口外甩线,近距离，U口有线,PwIH,0,,,H30-U,1,,,,,,,,,,,,
相机,IDH手持式系列,IDH3000有线款,MV-IDH3000/13NR/05RN/U(国内中性)V3.0,313202118,1.3MP，4.7mm焦距，近距离，配备红色光源，USB口型号，包含USB口外甩线,近距离，U口有线,PwIH,0,,,H30-U,1,,,,,,,,,,,,
相机,IDH手持式系列,IDH3000有线款,MV-IDH3000/13NR/05RN/L(国内标配)V3.0,313202114,1.3MP，4.7mm焦距，近距离，配备红色光源，网口型号，包含网口串口外甩线,近距离，网口有线,PwIH,1,,,H30-L,1,,,,,,,,,,,,1
相机,IDH手持式系列,IDH3000有线款,MV-IDH3000/13NR/05RN/L(国内中性)V3.0,313202115,1.3MP，4.7mm焦距，近距离，配备红色光源，网口型号，包含网口串口外甩线,近距离，网口有线,PwIH,1,,,H30-L,1,,,,,,,,,,,,1
相机,IDH手持式系列,IDH3000有线款,MV-IDH3000/13NR/05RN/LE(国内标配)V3.0,313202116,1.3MP，4.7mm焦距，近距离，配备红色光源，网口型号，支持工业协议，包含网口串口外甩线,近距离，网口有线，工业协议,PwIH,1,,,H30-L,1,,,,,,,,,,,,1
相机,IDH手持式系列,IDH3000有线款,MV-IDH3000/13NR/05UVN/U(国内标配)V3.0,313203067,1.3MP，4.7mm焦距，近距离，配备紫外光源，USB口型号，包含USB口外甩线,近距离，紫外光，U口有线,PwIH,0,,,H30-U,1,,,,,,,,,,,,
相机,IDH手持式系列,IDH3000有线款,MV-IDH3000/13NR/05UVN/U(国内中性)V3.0,313203068,1.3MP，4.7mm焦距，近距离，配备紫外光源，USB口型号，包含USB口外甩线,近距离，紫外光，U口有线,PwIH,0,,,H30-U,1,,,,,,,,,,,,
相机,IDH手持式系列,IDH3000有线款,MV-IDH3000/13NR/04RN/U(国内标配)V3.0,313202113,1.3MP，4mm焦距，近距离，配备红色光源，USB口型号，包含USB口外甩线,近距离，大视野，U口有线,PwIH,0,,,H30-U,1,,,,,,,,,,,,
相机,IDH手持式系列,IDH3000无线款,MV-IDH3000B/13SR/05RN/US(国内标配)套包V3.0,313202137,1.3MP，4.7mm焦距，标准距离，配备红色光源，U口底座以及U口线材，含适配器,标准距离，蓝牙无线，U口套包；单读码器物料：313202126,PwIH,1,,,H30B-U,1,,,,,,,,,,,LIB-3;CBB3H-U,1
相机,IDH手持式系列,IDH3000无线款,MV-IDH3000B/13SR/05RN/US(国内中性)套包V3.0,313202138,1.3MP，4.7mm焦距，标准距离，配备红色光源，U口底座以及U口线材，含适配器,标准距离，蓝牙无线，U口套包；单读码器物料：313202127,PwIH,1,,,H30B-U,1,,,,,,,,,,,LIB-3;CBB3H-U,1
相机,IDH手持式系列,IDH3000无线款,MV-IDH3000B/13SR/05RN/LS(国内标配)套包V3.0,313202135,1.3MP，4.7mm焦距，标准距离，配备红色光源，网口底座以及网口线材，含适配器,标准距离，蓝牙无线，网口套包；单读码器物料：313202126,PwIH,1,,,H30B-L,1,,,,,,,,,,,LIB-3;CBB3H-L,1
相机,IDH手持式系列,IDH3000无线款,MV-IDH3000B/13SR/05RN/LS(国内中性)套包V3.0,313202136,1.3MP，4.7mm焦距，标准距离，配备红色光源，网口底座以及网口线材，含适配器,标准距离，蓝牙无线，网口套包；单读码器物料：313202127,PwIH,1,,,H30B-L,1,,,,,,,,,,,LIB-3;CBB3H-L,1
相机,IDH手持式系列,IDH3000无线款,MV-IDH3000B/13SR/05RN/LES(国内标配)套包V3.0,313202134,1.3MP，4.7mm焦距，标准距离，配备红色光源，支持工业协议，网口底座以及网口线材，含适配器,标准距离，蓝牙无线，工业协议套包；单读码器物料：313202126,PwIH,1,,,H30B-L,1,,,,,,,,,,,LIB-3;CBB3H-LE,1
相机,IDH手持式系列,IDH3000无线款,MV-IDH3000B/13NR/05RN/US(国内标配)套包V3.0,313202132,1.3MP，4.7mm焦距，近距离，配备红色光源，U口底座以及U口线材，含适配器,近距离，蓝牙无线，U口套包；单读码器物料：313202124,PwIH,1,,,H30B-U,1,,,,,,,,,,,LIB-3;CBB3H-U,1
相机,IDH手持式系列,IDH3000无线款,MV-IDH3000B/13NR/05RN/US(国内中性)套包V3.0,313202133,1.3MP，4.7mm焦距，近距离，配备红色光源，U口底座以及U口线材，含适配器,近距离，蓝牙无线，U口套包；单读码器物料：313202125,PwIH,1,,,H30B-U,1,,,,,,,,,,,LIB-3;CBB3H-U,1
相机,IDH手持式系列,IDH3000无线款,MV-IDH3000B/13NR/05RN/LS(国内标配)套包V3.0,313202130,1.3MP，4.7mm焦距，近距离，配备红色光源，网口底座以及网口线材，含适配器,近距离，蓝牙无线，网口套包；单读码器物料：313202124,PwIH,1,,,H30B-L,1,,,,,,,,,,,LIB-3;CBB3H-L,1
相机,IDH手持式系列,IDH3000无线款,MV-IDH3000B/13NR/05RN/LS(国内中性)套包V3.0,313202131,1.3MP，4.7mm焦距，近距离，配备红色光源，网口底座以及网口线材，含适配器,近距离，蓝牙无线，网口套包；单读码器物料：313202125,PwIH,1,,,H30B-L,1,,,,,,,,,,,LIB-3;CBB3H-L,1
相机,IDH手持式系列,IDH3000无线款,MV-IDH3000B/13NR/05RN/LES(国内标配)套包V3.0,313202539,1.3MP，4.7mm焦距，近距离，配备红色光源，支持工业协议，网口底座以及网口线材，含适配器,近距离，蓝牙无线，工业协议套包；单读码器物料：313202124,PwIH,1,,,H30B-L,1,,,,,,,,,,,LIB-3;CBB3H-LE,1
相机,IDH手持式系列,IDH3000无线款,MV-IDH3000B/13NR/05UVN/US(国内中性)套包V3.0,313203070,1.3MP，4.7mm焦距，近距离，配备紫外光源，U口底座以及U口线材，含适配器,近距离，紫外光，蓝牙无线，U口套包,PwIH,1,,,H30B-U,1,,,,,,,,,,,LIB-3;CBB3H-U,1
相机,IDH手持式系列,IDH3000无线款,MV-IDH3000B/13NR/05UVN/US(国内标配)套包V3.0,313203069,1.3MP，4.7mm焦距，近距离，配备紫外光源，U口底座以及U口线材，含适配器,近距离，紫外光，蓝牙无线，U口套包,PwIH,1,,,H30B-U,1,,,,,,,,,,,LIB-3;CBB3H-U,1
相机,IDH手持式系列,IDH3000无线款,MV-IDH3000B/13NR/04RN/US(国内标配)套包V3.0,313202128,1.3MP，4mm焦距，近距离，配备红色光源，U口底座以及U口线材，含适配器,近距离，大视野，蓝牙无线，U口套包,PwIH,1,,,H30B-U,1,,,,,,,,,,,LIB-3;CBB3H-U,1
相机,IDH手持式系列,IDH5000有线款,MV-IDH5000P/13NR/04RN/U(国内标配),313203092,1.3MP，4.53mm焦距，近距离，配备白色直射光源和红/蓝漫射光源，USB口型号，包含USB口外甩线,近距离，U口有线,PwIH,0,,,H50P-U,1,,,,,,,,,,,,
相机,IDH手持式系列,IDH5000有线款,MV-IDH5000P/13NR/04RN/U(国内中性),313203265,1.3MP，4.53mm焦距，近距离，配备白色直射光源和红/蓝漫射光源，USB口型号，包含USB口外甩线,近距离，U口有线,PwIH,0,,,H50P-U,1,,,,,,,,,,,,
相机,IDH手持式系列,IDH5000有线款,MV-IDH5000P/13NR/04RN/L(国内标配),313203093,1.3MP，4.53mm焦距，近距离，配备白色直射光源和红/蓝漫射光源，网口型号，包含网口串口外甩线,近距离，网口有线,PwIH,1,,,H50P-L,1,,,,,,,,,,,,1
相机,IDH手持式系列,IDH5000有线款,MV-IDH5000P/13NR/04RN/L(国内中性),313203266,1.3MP，4.53mm焦距，近距离，配备白色直射光源和红/蓝漫射光源，网口型号，包含网口串口外甩线,近距离，网口有线,PwIH,1,,,H50P-L,1,,,,,,,,,,,,1
相机,IDH手持式系列,IDH5000有线款,MV-IDH5000P/13NR/04RN/LE(国内标配),313203094,1.3MP，4.53mm焦距，近距离，配备白色直射光源和红/蓝漫射光源，网口型号，支持工业协议，包含网口串口外甩线,近距离，网口有线，支持工业协议,PwIH,1,,,H50P-L,1,,,,,,,,,,,,1
相机,IDH手持式系列,IDH5000有线款,MV-IDH5000P/13NR/04RN/LE(国内中性),313203267,1.3MP，4.53mm焦距，近距离，配备白色直射光源和红/蓝漫射光源，网口型号，支持工业协议，包含网口串口外甩线,近距离，网口有线，支持工业协议,PwIH,1,,,H50P-L,1,,,,,,,,,,,,1
相机,IDH手持式系列,IDH5000有线款,MV-IDH5000P/13SR/04RN/U(国内标配),313203260,1.3MP，4.53mm焦距，标准距离，配备白色直射光源和红/蓝漫射光源，USB口型号，包含USB口外甩线,标准距离，U口有线,PwIH,0,,,H50P-U,1,,,,,,,,,,,,
相机,IDH手持式系列,IDH5000有线款,MV-IDH5000P/13SR/04RN/U(国内中性),313203268,1.3MP，4.53mm焦距，标准距离，配备白色直射光源和红/蓝漫射光源，USB口型号，包含USB口外甩线,标准距离，U口有线,PwIH,0,,,H50P-U,1,,,,,,,,,,,,
相机,IDH手持式系列,IDH5000有线款,MV-IDH5000P/13SR/04RN/L(国内标配),313203263,1.3MP，4.53mm焦距，标准距离，配备白色直射光源和红/蓝漫射光源，网口型号，包含网口串口外甩线,标准距离，网口有线,PwIH,1,,,H50P-L,1,,,,,,,,,,,,1
相机,IDH手持式系列,IDH5000有线款,MV-IDH5000P/13SR/04RN/L(国内中性),313203269,1.3MP，4.53mm焦距，标准距离，配备白色直射光源和红/蓝漫射光源，网口型号，包含网口串口外甩线,标准距离，网口有线,PwIH,1,,,H50P-L,1,,,,,,,,,,,,1
相机,IDH手持式系列,IDH5000有线款,MV-IDH5000P/13SR/04RN/LE(国内标配),313203264,1.3MP，4.53mm焦距，标准距离，配备白色直射光源和红/蓝漫射光源，网口型号，支持工业协议，包含网口串口外甩线,标准距离，网口有线，支持工业协议,PwIH,1,,,H50P-L,1,,,,,,,,,,,,1
相机,IDH手持式系列,IDH5000有线款,MV-IDH5000P/13SR/04RN/LE(国内中性),313203270,1.3MP，4.53mm焦距，标准距离，配备白色直射光源和红/蓝漫射光源，网口型号，支持工业协议，包含网口串口外甩线,标准距离，网口有线，支持工业协议,PwIH,1,,,H50P-L,1,,,,,,,,,,,,1
相机,IDH手持式系列,IDH7000有线款,MV-IDH7000P/10NR/07RN/U(国内标配)V2.0,313201844,1MP，6.7mm焦距，近距离，配备白色点光和红色面光，USB口型号，包含USB口外甩线,近距离，U口有线,PwIH,0,,,H70P-U,1,,,,,,,,,,,,
相机,IDH手持式系列,IDH7000有线款,MV-IDH7000P/10NR/07RN/U(国内中性)V2.0,313201890,1MP，6.7mm焦距，近距离，配备白色点光和红色面光，USB口型号，包含USB口外甩线,近距离，U口有线,PwIH,0,,,H70P-U,1,,,,,,,,,,,,
相机,IDH手持式系列,IDH7000有线款,MV-IDH7000P/10NR/07RN/L(国内标配)V2.0,313201842,1MP，6.7mm焦距，近距离，配备白色点光和红色面光，网口型号，包含网口串口外甩线,近距离，网口有线,PwIH,1,,,H70P-L,1,,,,,,,,,,,,1
相机,IDH手持式系列,IDH7000有线款,MV-IDH7000P/10NR/07RN/L(国内中性)V2.0,313201888,1MP，6.7mm焦距，近距离，配备白色点光和红色面光，网口型号，包含网口串口外甩线,近距离，网口有线,PwIH,1,,,H70P-L,1,,,,,,,,,,,,1
相机,IDH手持式系列,IDH7000有线款,MV-IDH7000P/10NR/07RN/LP(国内标配)V2.0,313202226,1MP，6.7mm焦距，近距离，配备白色点光和红色面光，网口型号，支持PoE供电，包含网口串口外甩线,近距离，网口有线，支持PoE供电,PwIH,1,,,H70P-L,1,,,,,,,,,,,,1
相机,IDH手持式系列,IDH7000有线款,MV-IDH7000P/10NR/07RN/LP(国内中性)V2.0,313202229,1MP，6.7mm焦距，近距离，配备白色点光和红色面光，网口型号，支持PoE供电，包含网口串口外甩线,近距离，网口有线，支持PoE供电,PwIH,1,,,H70P-L,1,,,,,,,,,,,,1
相机,IDH手持式系列,IDH7000有线款,MV-IDH7000P/10SR/07RN/U(国内标配)V2.0,313201843,1MP，6.7mm焦距，标准距离，配备白色点光和红色面光，USB口型号，包含USB口外甩线,标准距离，U口有线,PwIH,0,,,H70P-U,1,,,,,,,,,,,,
相机,IDH手持式系列,IDH7000有线款,MV-IDH7000P/10SR/07RN/U(国内中性)V2.0,313201889,1MP，6.7mm焦距，标准距离，配备白色点光和红色面光，USB口型号，包含USB口外甩线,标准距离，U口有线,PwIH,0,,,H70P-U,1,,,,,,,,,,,,
相机,IDH手持式系列,IDH7000有线款,MV-IDH7000P/10SR/07RN/L(国内标配)V2.0,313201841,1MP，6.7mm焦距，标准距离，配备白色点光和红色面光，网口型号，包含网口串口外甩线,标准距离，网口有线,PwIH,1,,,H70P-L,1,,,,,,,,,,,,1
相机,IDH手持式系列,IDH7000有线款,MV-IDH7000P/10SR/07RN/L(国内中性)V2.0,313201887,1MP，6.7mm焦距，标准距离，配备白色点光和红色面光，网口型号，包含网口串口外甩线,标准距离，网口有线,PwIH,1,,,H70P-L,1,,,,,,,,,,,,1
相机,IDH手持式系列,IDH7000有线款,MV-IDH7000P/10SR/07RN/LP(国内标配)V2.0,313202227,1MP，6.7mm焦距，标准距离，配备白色点光和红色面光，网口型号，支持PoE供电，包含网口串口外甩线,标准距离，网口有线，支持PoE供电,PwIH,1,,,H70P-L,1,,,,,,,,,,,,1
相机,IDH手持式系列,IDH7000有线款,MV-IDH7000P/10SR/07RN/LP(国内中性)V2.0,313202228,1MP，6.7mm焦距，标准距离，配备白色点光和红色面光，网口型号，支持PoE供电，包含网口串口外甩线,标准距离，网口有线，支持PoE供电,PwIH,1,,,H70P-L,1,,,,,,,,,,,,1
相机,IDH手持式系列,IDH7000有线款,MV-IDH7000P/10ER/12RN/U(国内标配)V2.0,313202866,1MP，6.7mm焦距，远焦距离，配备白色点光和红色面光，USB口型号，包含USB口外甩线,远焦距离，U口有线,PwIH,0,,,H70P-U,1,,,,,,,,,,,,
相机,IDH手持式系列,IDH7000有线款,MV-IDH7000P/10ER/12RN/U(国内中性)V2.0,313202867,1MP，6.7mm焦距，远焦距离，配备白色点光和红色面光，USB口型号，包含USB口外甩线,远焦距离，U口有线,PwIH,0,,,H70P-U,1,,,,,,,,,,,,
相机,IDH手持式系列,IDH7000有线款,MV-IDH7000P/10ER/12RN/L(国内标配)V2.0,313202895,1MP，6.7mm焦距，远焦距离，配备白色点光和红色面光，网口型号，包含网口串口外甩线,远焦距离，网口有线,PwIH,1,,,H70P-L,1,,,,,,,,,,,,1
相机,IDH手持式系列,IDH7000有线款,MV-IDH7000P/10ER/12RN/L(国内中性)V2.0,313202896,1MP，6.7mm焦距，远焦距离，配备白色点光和红色面光，网口型号，包含网口串口外甩线,远焦距离，网口有线,PwIH,1,,,H70P-L,1,,,,,,,,,,,,1
相机,IDH手持式系列,IDH7000有线款,MV-IDH7000P/10HHD/12RN/U(国内标配)V2.0,313203187,1MP，6.7mm焦距，HHD距离，配备白色点光和红色面光，USB口型号，包含USB口外甩线,极小码型号，U口有线,PwIH,0,,,H70P-U,1,,,,,,,,,,,,
相机,IDH手持式系列,IDH7000有线款,MV-IDH7000P/10HHD/12RN/U(国内中性)V2.0,313203188,1MP，6.7mm焦距，HHD距离，配备白色点光和红色面光，USB口型号，包含USB口外甩线,极小码型号，U口有线,PwIH,0,,,H70P-U,1,,,,,,,,,,,,
相机,IDH手持式系列,IDH7000有线款,MV-IDH7000P/10HHD/12RN/L(国内标配)V2.0,313203189,1MP，6.7mm焦距，HHD距离，配备白色点光和红色面光，网口型号，包含网口串口外甩线,极小码型号，网口有线,PwIH,1,,,H70P-L,1,,,,,,,,,,,,1
相机,IDH手持式系列,IDH7000有线款,MV-IDH7000P/10HHD/12RN/L(国内中性)V2.0,313203190,1MP，6.7mm焦距，HHD距离，配备白色点光和红色面光，网口型号，包含网口串口外甩线,极小码型号，网口有线,PwIH,1,,,H70P-L,1,,,,,,,,,,,,1
相机,IDH手持式系列,IDH7000无线款,MV-IDH7000B/10SR/07RN/US(国内标配)套包,313201186,1MP，6.7mm焦距，标准距离，配备白色点光和红色面光，含手持读码枪，U口底座以及U口线材，含适配器,标准距离，蓝牙无线，U口套包；单读码器物料：313200890,PwIH,1,,,H70B-U,1,,,,,,,,,,,LIB-7;CBB7H-U,1
相机,IDH手持式系列,IDH7000无线款,MV-IDH7000B/10SR/07RN/US(国内中性)套包,313201184,1MP，6.7mm焦距，标准距离，配备白色点光和红色面光，含手持读码枪，U口底座以及U口线材，含适配器,标准距离，蓝牙无线，U口套包；单读码器物料：313200889,PwIH,1,,,H70B-U,1,,,,,,,,,,,LIB-7;CBB7H-U,1
相机,IDH手持式系列,IDH7000无线款,MV-IDH7000B/10SR/07RN/LS(国内标配)套包,313201187,1MP，6.7mm焦距，标准距离，配备白色点光和红色面光，含手持读码枪，网口底座以及网口线材，含适配器,标准距离，蓝牙无线，网口套包；单读码器物料：313200890,PwIH,1,,,H70B-L,1,,,,,,,,,,,LIB-7;CBB7H-L,1
相机,IDH手持式系列,IDH7000无线款,MV-IDH7000B/10SR/07RN/LS(国内中性)套包,313201185,1MP，6.7mm焦距，标准距离，配备白色点光和红色面光，含手持读码枪，网口底座以及网口线材，含适配器,标准距离，蓝牙无线，网口套包；单读码器物料：313200889,PwIH,1,,,H70B-L,1,,,,,,,,,,,LIB-7;CBB7H-L,1
相机,IDH手持式系列,IDH7000无线款,MV-IDH7000B/10NR/07RN/US(国内标配)套包,313200694,1MP，6.7mm焦距，近距离，配备白色点光和红色面光，含手持读码枪，U口底座以及U口线材，含适配器,近距离，蓝牙无线，U口套包；单读码器物料：313200612,PwIH,1,,,H70B-U,1,,,,,,,,,,,LIB-7;CBB7H-U,1
相机,IDH手持式系列,IDH7000无线款,MV-IDH7000B/10NR/07RN/US(国内中性)套包,313200751,1MP，6.7mm焦距，近距离，配备白色点光和红色面光，含手持读码枪，U口底座以及U口线材，含适配器,近距离，蓝牙无线，U口套包；单读码器物料：313200613,PwIH,1,,,H70B-U,1,,,,,,,,,,,LIB-7;CBB7H-U,1
相机,IDH手持式系列,IDH7000无线款,MV-IDH7000B/10NR/07RN/LS(国内标配)套包,313200695,1MP，6.7mm焦距，近距离，配备白色点光和红色面光，含手持读码枪，网口底座以及网口线材，含适配器,近距离，蓝牙无线，网口套包；单读码器物料：313200612,PwIH,1,,,H70B-L,1,,,,,,,,,,,LIB-7;CBB7H-L,1
相机,IDH手持式系列,IDH7000无线款,MV-IDH7000B/10NR/07RN/LS(国内中性)套包,313200749,1MP，6.7mm焦距，近距离，配备白色点光和红色面光，含手持读码枪，网口底座以及网口线材，含适配器,近距离，蓝牙无线，网口套包；单读码器物料：313200613,PwIH,1,,,H70B-L,1,,,,,,,,,,,LIB-7;CBB7H-L,1
相机,IDH手持式系列,IDH7000无线款,MV-IDH7000B/10ER/12RN/US(国内标配)/套包,313202861,1MP，6.7mm焦距，远焦距离，配备白色点光和红色面光，含手持读码枪，U口底座以及U口线材，含适配器,远焦距离，蓝牙无线，U口套包,PwIH,1,,,H70B-U,1,,,,,,,,,,,LIB-7;CBB7H-U,1
相机,IDH手持式系列,IDH7000无线款,MV-IDH7000B/10ER/12RN/US(国内中性)/套包,313202864,1MP，6.7mm焦距，远焦距离，配备白色点光和红色面光，含手持读码枪，U口底座以及U口线材，含适配器,远焦距离，蓝牙无线，U口套包,PwIH,1,,,H70B-U,1,,,,,,,,,,,LIB-7;CBB7H-U,1
相机,IDH手持式系列,IDH7000无线款,MV-IDH7000B/10ER/12RN/LS(国内标配)/套包,313202892,1MP，6.7mm焦距，远焦距离，配备白色点光和红色面光，含手持读码枪，网口底座以及网口线材，含适配器,远焦距离，蓝牙无线，网口套包,PwIH,1,,,H70B-L,1,,,,,,,,,,,LIB-7;CBB7H-L,1
相机,IDH手持式系列,IDH7000无线款,MV-IDH7000B/10ER/12RN/LS(国内中性)/套包,313202893,1MP，6.7mm焦距，远焦距离，配备白色点光和红色面光，含手持读码枪，网口底座以及网口线材，含适配器,远焦距离，蓝牙无线，网口套包,PwIH,1,,,H70B-L,1,,,,,,,,,,,LIB-7;CBB7H-L,1
相机,IDH手持式系列,IDH7000无线款,MV-IDH7000B/10HHD/12RN/US(国内标配)/套包,313203183,1MP，6.7mm焦距，HHD距离，配备白色点光和红色面光，含手持读码枪，U口底座以及U口线材，含适配器,HHD距离，蓝牙无线，U口套包,PwIH,1,,,H70B-U,1,,,,,,,,,,,LIB-7;CBB7H-U,1
相机,IDH手持式系列,IDH7000无线款,MV-IDH7000B/10HHD/12RN/US(国内中性)/套包,313203184,1MP，6.7mm焦距，HHD距离，配备白色点光和红色面光，含手持读码枪，U口底座以及U口线材，含适配器,HHD距离，蓝牙无线，U口套包,PwIH,1,,,H70B-U,1,,,,,,,,,,,LIB-7;CBB7H-U,1
相机,IDH手持式系列,IDH7000无线款,MV-IDH7000B/10HHD/12RN/LS(国内标配)/套包,313203185,1MP，6.7mm焦距，HHD距离，配备白色点光和红色面光，含手持读码枪，网口底座以及网口线材，含适配器,HHD距离，蓝牙无线，网口套包,PwIH,1,,,H70B-L,1,,,,,,,,,,,LIB-7;CBB7H-L,1
相机,IDH手持式系列,IDH7000无线款,MV-IDH7000B/10HHD/12RN/LS(国内中性)/套包,313203186,1MP，6.7mm焦距，HHD距离，配备白色点光和红色面光，含手持读码枪，网口底座以及网口线材，含适配器,HHD距离，蓝牙无线，网口套包,PwIH,1,,,H70B-L,1,,,,,,,,,,,LIB-7;CBB7H-L,1
相机,IDH手持式系列,IDH9000有线款,MV-IDH9000/13DP/04RP/U(国内标配),313202034,单模组，1.3MP，4.3mm焦距，高性能DPM款，支持4种光源，U口型号，含适配器，需使用Serial通信协议，需单独采购组合线缆,单模组，高性能，U口有线,PwIH,1,,,H90-U,1,,,,,,,,,,,,
相机,IDH手持式系列,IDH9000有线款,MV-IDH9000/13DP/04RP/U(国内中性),313202088,单模组，1.3MP，4.3mm焦距，高性能DPM款，支持4种光源，U口型号，含适配器，需使用Serial通信协议，需单独采购组合线缆,单模组，高性能，U口有线,PwIH,1,,,H90-U,1,,,,,,,,,,,,
相机,IDH手持式系列,IDH9000有线款,MV-IDH9000/13DP/04RP/L(国内标配),313202033,单模组，1.3MP，4.3mm焦距，高性能DPM款，支持4种光源，网口型号，支持PoE供电，同时配备串口，含适配器,单模组，高性能，网口有线,PwIH,1,,,H90-L,1,,,,,,,,,,,,
相机,IDH手持式系列,IDH9000有线款,MV-IDH9000/13DP/04RP/L(国内中性),313202086,单模组，1.3MP，4.3mm焦距，高性能DPM款，支持4种光源，网口型号，支持PoE供电，同时配备串口，含适配器,单模组，高性能，网口有线,PwIH,1,,,H90-L,1,,,,,,,,,,,,
相机,IDH手持式系列,IDH9000有线款,MV-IDH9000/13HHD/16RP/U(国内标配),313201883,双模组，1.3MP*2，4.3mm焦距，极小码DPM款，支持4种光源，U口型号，含适配器，需使用Serial通信协议，需单独采购组合线缆,双模组，极小码，U口有线,PwIH,1,,,H90-U,1,,,,,,,,,,,,
相机,IDH手持式系列,IDH9000有线款,MV-IDH9000/13HHD/16RP/U(国内中性),313202041,双模组，1.3MP*2，4.3mm焦距，极小码DPM款，支持4种光源，U口型号，含适配器，需使用Serial通信协议，需单独采购组合线缆,双模组，极小码，U口有线,PwIH,1,,,H90-U,1,,,,,,,,,,,,
相机,IDH手持式系列,IDH9000有线款,MV-IDH9000/13HHD/16RP/L(国内标配),313201875,双模组，1.3MP*2，4.3mm焦距，极小码DPM款，支持4种光源，网口型号，支持PoE供电，同时配备串口，含适配器,双模组，极小码，网口有线,PwIH,1,,,H90-L,1,,,,,,,,,,,,
相机,IDH手持式系列,IDH9000有线款,MV-IDH9000/13HHD/16RP/L(国内中性),313202038,双模组，1.3MP*2，4.3mm焦距，极小码DPM款，支持4种光源，网口型号，支持PoE供电，同时配备串口，含适配器,双模组，极小码，网口有线,PwIH,1,,,H90-L,1,,,,,,,,,,,,
相机,IDH手持式系列,IDH9000无线款,MV-IDH9000B/13DP/04RP/US(国内中性)/套包,313202775,单模组，1.3MP，4.3mm焦距，高性能DPM款，支持4种光源，U口型号，含手持读码枪，U口底座以及U口线材，适配器,单模组，高性能，U口套包,PwIH,1,,,H90-U,1,,,,,,,,,,,LIB-9;CBB9H-U,1
相机,IDH手持式系列,IDH9000无线款,MV-IDH9000B/13DP/04RP/US(国内标配)/套包,313202771,单模组，1.3MP，4.3mm焦距，高性能DPM款，支持4种光源，U口型号，含手持读码枪，U口底座以及U口线材，适配器,单模组，高性能，U口套包,PwIH,1,,,H90-U,1,,,,,,,,,,,LIB-9;CBB9N-U,1
相机,IDH手持式系列,IDH9000无线款,MV-IDH9000B/13DP/04RP/LS(国内标配)/套包,313202776,单模组，1.3MP，4.3mm焦距，高性能DPM款，支持4种光源，网口型号，含手持读码枪，网口底座以及网口线材，适配器,单模组，高性能，网口套包,PwIH,1,,,H90-L,1,,,,,,,,,,,LIB-9;CBB9H-L,1
相机,IDH手持式系列,IDH9000无线款,MV-IDH9000B/13DP/04RP/LS(国内中性)/套包,313202773,单模组，1.3MP，4.3mm焦距，高性能DPM款，支持4种光源，网口型号，含手持读码枪，网口底座以及网口线材，适配器,单模组，高性能，网口套包,PwIH,1,,,H90-L,1,,,,,,,,,,,LIB-9;CBB9N-L,1
相机,IDH手持式系列,IDH9000无线款,MV-IDH9000B/13HHD/16RP/US(国内标配)/套包,313202517,双模组，1.3MP*2，4.3mm焦距，极小码DPM款，支持4种光源，U口型号，含手持读码枪，U口底座以及U口线材，适配器,双模组，极小码，U口套包；单读码器物料：313202139,PwIH,1,,,H90-U,1,,,,,,,,,,,LIB-9;CBB9H-U,1
相机,IDH手持式系列,IDH9000无线款,MV-IDH9000B/13HHD/16RP/US(国内中性)/套包,313202745,双模组，1.3MP*2，4.3mm焦距，极小码DPM款，支持4种光源，U口型号，含手持读码枪，U口底座以及U口线材，适配器,双模组，极小码，U口套包；单读码器物料：313202578,PwIH,1,,,H90-U,1,,,,,,,,,,,LIB-9;CBB9N-U,1
相机,IDH手持式系列,IDH9000无线款,MV-IDH9000B/13HHD/16RP/LS(国内标配)/套包,313202518,双模组，1.3MP*2，4.3mm焦距，极小码DPM款，支持4种光源，网口型号，含手持读码枪，网口底座以及网口线材，适配器,双模组，极小码，网口套包；单读码器物料：313202139,PwIH,1,,,H90-L,1,,,,,,,,,,,LIB-9;CBB9H-L,1
相机,IDH手持式系列,IDH9000无线款,MV-IDH9000B/13HHD/16RP/LS(国内中性)/套包,313202746,双模组，1.3MP*2，4.3mm焦距，极小码DPM款，支持4种光源，网口型号，含手持读码枪，网口底座以及网口线材，适配器,双模组，极小码，网口套包；单读码器物料：313202578,PwIH,1,,,H90-L,1,,,,,,,,,,,LIB-9;CBB9N-L,1
